"1.6753","-9.7794","-6.5378","0.17707","-1.518","-1.4707","0.5855100000000001","-0.28344","0.038179000000000005","-27.78","25.38","34.08","biking"
"0.8036","-9.2346","-6.7966","-0.60535","-0.90682","-1.8132","0.49144","-0.74617","0.039706","-27.36","26.22","33.24","biking"
"0.84446","-9.6977","-5.8976","-0.48385","-1.3355","-0.94984","0.31796","-0.7254","0.000916","-27.0","26.7","33.12","biking"
"0.28603","-9.2482","-5.5026","-0.99363","-0.8624","-0.58216","0.22633000000000006","-0.36377","-0.065057","-26.94","27.18","33.06","biking"
"0.98067","-8.4446","-4.9442","-0.29958","-0.052624","-0.034417","0.022907","-0.006414100000000001","-0.07055499999999999","-26.64","27.54","32.76","biking"
"0.6674","-8.036","-4.8761","-0.61498","0.35243","0.039198","-0.13103","0.093157","-0.082772","-26.4","27.96","32.52","biking"
"0.78998","-8.036","-3.8409","-0.51174","0.33774","1.0943","-0.17532","-0.081245","-0.10934","-25.98","28.5","32.34","biking"
"0.054481","-8.145","-3.7047","-1.2467","0.21758","1.2496","-0.13928","0.054367","-0.12065","-25.8","28.74","32.28","biking"
"1.5119","-7.6546","-4.1814","0.1763","0.6911","0.79201","-0.2926","0.23518000000000006","-0.10537","-25.5","29.22","31.8","biking"
"1.2803","-9.1937","-6.1973","-0.10034","-0.9049","-1.1416","-0.38515","0.42333","-0.048258","-25.44","29.28","31.74","biking"
"1.185","-9.5479","-7.1779","-0.21233","-1.285","-2.0844","-0.40653","0.42028","-0.061697","-25.38","29.34","31.56","biking"
"0.14982","-9.793","-7.8589","-1.2732","-1.5778","-2.6961","-0.45815","0.5534399999999999","-0.03146","-25.38","29.52","31.44","biking"
"0.24517","-8.4446","-7.0962","-1.2417","-0.32799","-1.7971","-0.8301700000000001","0.71349","0.011912","-25.38","29.22","31.32","biking"
"-0.19068","-8.3493","-6.5378","-1.7304","-0.32221","-1.1187","-0.8958299999999999","0.92424","0.099876","-25.26","29.1","31.44","biking"
"0.25879","-8.1722","-5.4209","-1.3361","-0.22488","0.098761","-0.66462","0.5140399999999999","0.1518","-25.26","29.04","31.62","biking"
"0.31327","-7.641","-4.127","-1.2902","0.22821","1.501","-0.61728","0.38271","0.14875","-25.62","28.74","31.5","biking"
"0.74912","-6.9191","-4.0316","-0.86821","0.9203","1.6339","-0.82375","0.8265","0.1909","-25.86","28.62","31.44","biking"
"1.3484","-6.565","-5.1213","-0.33992","1.1872","1.2557","-1.0311","1.1609","0.15913","-26.22","28.32","31.5","biking"
"1.7298","-8.3084","-6.7421","-0.12963","-0.72097","-0.81385","-1.0128","1.0959","-0.014661000000000004","-26.94","27.78","31.44","biking"
"1.7162","-9.4117","-7.8045","-0.25313","-1.942","-1.7632","-1.0592","0.94226","-0.07758","-27.24","27.48","31.62","biking"
"1.7843","-9.7249","-8.7034","-0.22692","-2.3247","-2.591","-1.2349","0.8509399999999999","-0.090713","-27.48","27.12","31.62","biking"
"2.1112","-7.8589","-8.5127","-0.04961","-0.7085600000000001","-2.1587","-1.4771","1.022","0.10965","-28.14","26.58","31.8","biking"
"2.0294","-7.0009","-7.3277","-0.22583000000000006","-0.026407","-0.81306","-1.3347","0.66004","0.17654","-28.32","26.16","31.98","biking"
"1.3212","-6.9464","-6.456","-0.96499","-0.11606","0.19907","-1.0825","0.22419","0.13317","-28.5","25.74","31.98","biking"
"1.1577","-7.2052","-6.4016","-1.1366","-0.57702","0.4522100000000001","-1.2752","0.32437","0.015577","-29.16","25.08","32.28","biking"
"1.5119","-6.9872","-6.8647","-0.80893","-0.4467","0.063962","-1.4688","0.78985","-0.12553","-29.46","24.6","32.4","biking"
"1.6753","-6.5786","-7.1779","-0.7456","-0.23343000000000005","-0.10346","-1.4273","0.8075600000000001","-0.16005","-30.0","23.94","32.4","biking"
"1.5936","-6.2245","-7.0281","-0.99582","-0.16267","0.23273","-1.3308","0.80207","-0.146","-30.72","22.68","32.64","biking"
"1.7706","-5.8976","-6.5241","-0.9252","-0.020694","0.84909","-1.2972","0.5565","-0.058948","-31.02","22.02","32.94","biking"
"2.1793","-5.5571","-6.3743","-0.55542","0.23217","1.0538","-1.2074","0.47861","-0.03146","-31.32","21.48","33.0","biking"
"2.6696","-5.8704","-7.8045","-0.1839","-0.35139000000000004","-0.21705","-1.4777","0.63927","-0.21625","-31.86","20.34","33.54","biking"
"3.1327","-5.9249","-8.8532","0.16823","-0.6364","-1.1451","-1.5357","0.59773","-0.29169","-32.28","19.68","33.54","biking"
"3.5413","-5.884","-8.9622","0.46638","-0.83731","-1.1362","-1.5864","0.58185","-0.32437","-32.7","19.08","33.84","biking"
"2.9829","-6.8102","-9.6023","-0.28246","-2.1384","-1.6222","-1.6725","0.82558","-0.40623","-33.12","17.58","34.08","biking"
"3.2553","-6.4288","-9.2482","-0.08198","-1.8837","-1.2248","-1.6313","0.8491","-0.40103","-33.54","16.98","34.14","biking"
"3.2553","-5.0939999999999985","-7.355","-0.7215600000000001","0.12767","0.78452","-1.5739","0.85582","-0.37965","-34.56","15.48","34.44","biking"
"2.7922","-3.514","-6.0202","-0.90713","0.36622","2.1913","-1.6017","0.6188100000000001","-0.3821","-35.04","14.7","34.5","biking"
"3.2825","-3.6911","-6.0202","-0.5623100000000001","-0.07325599999999999","2.2441","-1.5021","0.80237","-0.5244300000000001","-35.64","13.98","34.5","biking"
"3.3234","-3.1191","-6.6331","-0.61379","0.35987","1.6474","-1.6569999999999998","0.65057","-0.77458","-36.0","13.26","34.38","biking"
"3.5685","-2.5742","-5.7069","-0.59997","0.43675","2.6434","-1.5363","0.59956","-0.76389","-36.96","11.34","34.2","biking"
"4.3313","-3.8682","-6.5786","0.015936000000000002","-1.1333","1.7921","-1.3573","0.63225","-0.76389","-37.5","10.38","34.2","biking"
"4.4947","-2.1112","-8.54","0.036784","0.19707","-0.11563","-1.5278","0.11668","-0.83414","-38.34","8.4","34.02","biking"
"5.2575","-1.471","-8.7034","0.76795","0.66476","-0.2504","-1.4652","0.40714","-0.7477","-38.64","7.38","34.02","biking"
"4.9987","-1.362","-8.6081","0.42312","0.45748","-0.12725","-1.3231","0.34239","-0.64935","-38.94","6.48","33.9","biking"
"4.5492","-1.3212","-8.6353","-0.082572","0.24041","-0.13362000000000002","-1.1368","0.08827","-0.45632","-39.3","5.4","33.78","biking"
"4.4539","0.38137","-8.1041","-0.21898","1.6176","0.42858","-0.94409","0.087048","-0.4981600000000001","-40.14","3.3","33.6","biking"
"4.5492","0.38137","-7.3277","-0.15506","1.416","1.2145","-0.7428100000000001","0.16249","-0.36072","-40.44","2.34","33.48","biking"
"5.2983","-1.0896","-7.8862","0.57098","-0.12864","0.6519199999999999","-0.39981","0.11423","-0.32223","-40.56","1.26","33.36","biking"
"3.8954","-0.49033","-6.1155","-0.8739","0.32806","2.4141","-0.25716999999999995","0.15058","-0.25015","-40.92","-0.78","32.94","biking"
"4.3585","-1.2531","-6.1836","-0.43676","-0.48168","2.3358","-0.087048","-0.027184","-0.16371","-40.98","-1.56","32.82","biking"
"4.3858","-0.40861","-6.0338","-0.4145","0.32391","2.4862","-0.056504999999999986","-0.029932","-0.1912","-41.16","-2.88","32.64","biking"
"4.0861","-0.62654","-6.7966","-0.7084600000000001","0.090508","1.7280000000000002","0.053145000000000005","-0.1014","-0.14569","-41.28","-3.42","32.58","biking"
"4.0044","0.027241","-6.3743","-0.7873600000000001","0.74256","2.152","0.084299","0.037874","-0.03543","-41.34","-4.02","32.46","biking"
"4.5356","1.1032","-7.5593","-0.25217","1.8115","0.96985","0.15272","-0.4777","-0.12584","-41.52","-4.68","32.46","biking"
"4.5356","0.29965","-9.0439","-0.1194","0.98573","-0.43979","0.32803000000000004","-0.44502","-0.07086","-41.7","-5.7","32.4","biking"
"4.985","-1.0215","-8.1995","0.4048","-0.26363000000000003","0.43868","0.54672","-0.5103800000000001","0.29016","-41.82","-6.12","32.52","biking"
"5.2575","-0.57205","-7.8998","0.76779","0.2998","0.7750600000000001","0.58643","-0.75289","0.30207","-41.76","-6.24","32.7","biking"
"4.0452","-0.57205","-7.8317","-0.27037","0.4799","0.91126","0.6542399999999999","-0.63072","0.35888000000000003","-41.58","-6.54","32.94","biking"
"4.5901","-0.9398","-8.0769","0.3229","0.19112","0.68","0.81001","-0.6591199999999999","0.55894","-41.52","-6.48","33.18","biking"
"4.0997","-0.9398","-5.8295","-1.1598","0.34966","2.9718","1.0226","-0.48258","0.6857","-41.28","-6.42","33.66","biking"
"3.8001","-0.95342","-6.1564","-0.18854","0.69201","2.6501","1.1472","-0.53145","0.7751899999999999","-41.28","-6.06","33.84","biking"
"3.9908","-0.7355","-7.1507","0.14274","1.161","1.6678","1.2837","-0.73334","0.61575","-41.1","-5.82","34.14","biking"
"3.4187","-0.85808","-7.2733","-0.35924","1.1594","1.5487","1.4279","-0.7932100000000001","0.64568","-40.74","-5.46","34.44","biking"
"3.2144","-2.4517","-6.5105","-0.3046","0.06586499999999999","2.29","1.5275","-0.59437","0.7309","-40.14","-4.62","35.22","biking"
"3.6911","-3.0782","-7.5865","0.26353000000000004","-0.32217","1.1785","1.6518","-0.6472100000000001","0.78466","-39.72","-4.02","35.58","biking"
"4.1406","-2.5606","-9.2346","0.87466","0.50902","-0.51213","1.6148","-0.94654","0.8359700000000001","-39.36","-3.24","35.76","biking"
"3.5004","-2.8739","-8.54","0.53837","0.66","0.115","1.7434","-1.0116","0.81703","-38.58","-1.5","36.54","biking"
"4.1542","-3.7728","-8.826","1.4028","0.08849","-0.24169","1.7092","-0.95173","0.6853899999999999","-38.04","-0.42","36.9","biking"
"4.127","-4.0997","-8.3493","1.4613","-0.083175","0.19075","1.6609","-0.77946","0.49175","-37.74","0.54","37.02","biking"
"2.9556","-3.5004","-7.0962","0.45686","0.8064","1.3523","1.6903","-0.70005","0.4138600000000001","-37.26","1.62","37.26","biking"
"2.3563","-3.4459","-5.8023","-0.0010493","1.1501","2.5338","1.9068","-1.0055","0.36041","-36.72","2.76","37.62","biking"
"3.2961","-5.0668","-7.6683","1.1744","-0.018851","0.4673100000000001","1.7966","-0.6349899999999999","0.17532","-35.64","5.1","37.92","biking"
"2.833","-6.3743","-7.3277","0.80707","-1.0358","0.6450600000000001","1.8344","-0.51557","0.1066","-34.92","6.42","38.04","biking"
"2.3018","-6.7012","-7.3277","0.36987","-0.93763","0.36765","1.7342","-0.22419","0.12889","-33.84","9.0","38.52","biking"
"2.1384","-5.6388","-6.279","0.28294","0.3761","1.2409","1.726","-0.64599","0.054672000000000005","-33.24","10.32","38.76","biking"
"2.5334","-5.8567","-6.8647","0.7268","0.28487","0.56415","1.6014","-0.36224","-0.067195","-32.76","11.7","38.82","biking"
"1.185","-7.75","-8.0224","0.4245100000000001","-0.8864299999999999","-0.6118100000000001","1.5192","-0.11637","-0.1066","-32.22","12.9","38.88","biking"
"1.2258","-7.3005","-7.3822","-0.45653","-0.61212","-0.41047","1.6878","-0.70891","0.14386","-31.2","15.18","38.82","biking"
"2.6287","-7.2869","-7.355","1.056","-0.37516","-0.57818","1.7318","-0.87965","0.14111","-30.6","16.26","38.58","biking"
"2.7649","-8.2676","-7.3958","1.2347","-1.2466","-0.72241","1.4972","-0.43433","-0.14325","-29.94","17.34","38.34","biking"
"2.1112","-10.800999999999998","-7.7091","0.6189100000000001","-3.4884","-1.3475","1.3069","-0.085216","-0.22694","-29.16","19.14","37.86","biking"
"1.6072","-9.902","-6.5922","0.10481","-2.4301","-0.42102","1.3467","-0.52382","-0.086437","-28.86","19.98","37.68","biking"
"2.0567","-7.8589","-5.3119","0.65858","-0.14762999999999998","0.58309","1.3531","-0.55161","-0.16738","-28.14","21.78","36.9","biking"
"0.65378","-7.5457","-3.6775","-0.71433","0.29615","2.05","1.175","-0.40348","-0.0048869","-27.84","22.56","36.6","biking"
"1.4029","-7.4912","-4.3449","0.053930999999999986","0.41837","1.2933","1.219","-0.40042","0.0097738","-27.66","23.28","36.18","biking"
"2.5742","-8.5944","-6.9464","1.2663","-0.5605","-1.4769","1.0275","-0.1182","-0.11209","-27.24","23.94","35.82","biking"
"0.9398","-9.3299","-6.9464","-0.33933","-1.1588","-1.6769999999999998","1.0611","-0.5949800000000001","0.033598","-26.64","25.2","34.86","biking"
"3.1872","-7.8862","-6.0202","1.9593","0.37561","-0.88155","0.71777","-1.0901","-0.17959","-26.4","25.8","34.38","biking"
"0.92618","-8.3765","-5.9657","-0.23116","-0.063912","-0.8930799999999999","0.47312","-0.72113","-0.18326","-26.1","26.34","34.02","biking"
"1.3076","-10.951","-6.3335","0.22195","-2.5606","-1.3739","0.5962","-0.5757399999999999","-0.16585","-25.5","27.18","33.3","biking"
"0.70826","-10.243","-6.5378","-0.35651","-1.8347","-1.6036","0.24374","-0.71532","-0.26603000000000004","-25.26","27.6","32.82","biking"
"-0.12258","-9.1256","-5.3528","-1.1486","-0.70865","-0.42614","-0.060781","-0.59559","-0.2138","-25.26","27.9","32.46","biking"
"0.55843","-8.5127","-5.8023","-0.44084","-0.11028","-0.8453700000000001","-0.026267","-0.23182","-0.20128","-24.9","28.56","32.1","biking"
"0.6674","-9.2755","-5.3256","-0.3506","-0.8883","-0.34664","-0.18876","-0.1124","-0.22969","-24.66","29.1","31.86","biking"
"1.58","-9.0712","-5.0395","0.54424","-0.6975100000000001","-0.041549","-0.34544","-0.063225","-0.18845","-24.48","29.22","31.74","biking"
"1.4165","-8.5263","-5.1621","0.35451","-0.19122","-0.1056","-0.40745","0.027489","-0.10873","-24.3","29.34","31.8","biking"
"0.65378","-8.54","-5.3119","-0.42964","-0.2638","-0.16394","-0.33353","0.14905","-0.086743","-23.94","29.64","31.68","biking"
"0.46309","-8.6898","-6.1564","-0.6453899999999999","-0.4499","-0.95582","-0.35613","0.45937","-0.06963899999999999","-23.94","29.52","31.68","biking"
"1.185","-8.322000000000001","-6.456","0.013703","-0.12707000000000002","-1.1986","-0.49114","0.76969","-0.032376","-23.88","29.22","31.62","biking"
"-0.054481","-8.2676","-6.456","-1.3213","-0.17148","-1.0691","-0.7098300000000001","0.76602","0.050091","-23.82","29.16","31.74","biking"
"0.44947","-8.1177","-6.0066","-0.8694","-0.093062","-0.52609","-0.63713","0.37721","0.033292","-23.94","29.04","31.74","biking"
"-0.5311899999999999","-8.145","-4.9578","-1.7936","-0.06803","0.1438","-0.5787899999999999","0.32254","0.050702","-23.94","28.92","31.8","biking"
"0.28603","-7.5865","-4.5764","-1.0573","0.32642","1.0584","-0.81612","0.74739","0.11179","-24.3","28.68","32.04","biking"
"0.9398","-7.3141","-5.1621","-0.46775","0.51232","0.57687","-0.97066","1.0754","0.053451","-24.54","28.32","32.34","biking"
"1.1169","-7.8045","-6.3062","-0.40422","-0.081585","-0.45696","-0.90255","1.3201","0.12523","-24.6","28.02","32.52","biking"
"1.5936","-8.1995","-7.1643","-0.035703","-0.58014","-1.2093","-0.97525","0.86101","0.12737","-25.08","27.42","32.64","biking"
"1.5119","-8.431000000000001","-7.8045","-0.22546","-1.0025","-1.6425","-1.1985","0.76389","0.015272","-25.56","26.76","32.64","biking"
"1.3212","-8.54","-7.9679","-0.46202","-1.1908","-1.7244","-1.3815","1.0837","-0.052534","-25.92","26.34","32.7","biking"
"1.185","-8.0632","-7.8317","-0.76553","-0.9689","-1.3482","-1.3659","0.94012","-0.025351","-26.52","25.8","32.7","biking"
"1.185","-7.8862","-7.3141","-0.81205","-0.93625","-0.68987","-1.1408","0.28222","0.054367","-27.24","24.96","32.82","biking"
"1.0624","-7.6683","-7.0826","-0.93792","-0.8540700000000001","-0.31975","-1.2404","0.40195","-0.027184","-27.9","24.18","32.94","biking"
"0.77636","-7.8998","-7.0962","-1.2722","-1.2356","-0.19967","-1.3448","0.96975","-0.15149","-28.62","23.58","33.06","biking"
"0.43585","-6.8374","-7.1234","-1.7358","-0.34642","-0.10052","-1.3396","1.2113","-0.081551","-29.04","22.74","33.3","biking"
"1.5391","-5.3528","-5.9793","-0.81394","0.8960600000000001","1.203","-1.1023","0.77641","0.12095","-29.88","22.08","33.12","biking"
"1.7706","-5.5435","-6.0883","-0.6453300000000001","0.57294","1.1865","-1.033","0.50885","0.015272","-30.54","21.24","33.06","biking"
"1.9886","-6.7012","-7.4367","-0.51771","-0.75038","-0.055886","-1.2972","0.74128","-0.15455","-31.02","20.52","33.24","biking"
"2.8058","-6.4833","-9.4389","0.13781","-0.74624","-1.9463","-1.4642","1.1301","-0.25809","-31.5","19.74","33.36","biking"
"2.6423","-5.8295","-8.9349","-0.1892","-0.33331","-1.3228","-1.5745","0.75136","-0.18631","-31.74","19.38","33.48","biking"
"2.6423","-5.2166","-6.9736","-0.29872","0.051072","0.75763","-1.4716","0.55161","-0.13592","-32.4","18.66","33.54","biking"
"2.0567","-4.6445","-5.1894","-0.96857","0.4099","2.651","-1.5226","0.64263","-0.17471","-33.06","17.52","33.54","biking"
"2.2882","-4.8352","-8.1995","-0.85351","-0.021775","-0.25397","-1.7654","0.85765","-0.28344","-33.84","16.62","33.42","biking"
"3.4187","-6.674","-10.093","0.10755","-2.2156","-2.01","-1.8192","0.8503200000000001","-0.36346","-34.5","15.42","33.36","biking"
"3.6503","-6.3471","-9.3027","0.23309","-2.0868","-1.1575","-1.6087","0.8014600000000001","-0.2584","-34.74","14.76","33.54","biking"
"3.1191","-4.2223","-7.2188","-0.44043","-0.21764","0.9948","-1.6671","0.7419","-0.18143","-35.28","13.74","33.66","biking"
"3.7865","-4.127","-7.6683","0.056702","-0.50689","0.64766","-1.5388","0.5543600000000001","-0.27336","-36.12","12.54","33.6","biking"
"4.127","-4.018","-7.7636","0.27158000000000004","-0.66961","0.6086600000000001","-1.6848","0.60659","-0.4664","-36.96","11.04","33.48","biking"
"4.1814","-3.4732","-7.2733","0.26174000000000003","-0.27512","1.1278","-1.6176","0.43494","-0.41875","-37.32","10.26","33.36","biking"
"3.9908","-2.7786","-7.7364","-0.076295","-0.010386","0.7469600000000001","-1.5956","0.30482","-0.5051899999999999","-37.98","8.94","33.36","biking"
"3.8001","-2.833","-6.8374","-0.33635","-0.35769","1.7027","-1.6768","0.24099","-0.5342","-38.58","7.56","33.3","biking"
"4.0997","-1.3757","-7.6138","-0.097704","0.78041","0.98293","-1.6649","0.091324","-0.6026199999999999","-38.82","6.72","33.3","biking"
"4.127","-0.31327","-7.8181","-0.10520999999999997","1.5074","0.83896","-1.4468","0.028405","-0.5051899999999999","-39.3","4.98","33.36","biking"
"4.8352","-1.8524","-8.0905","0.5502100000000001","-0.40335","0.61063","-1.171","0.17685","-0.37568","-39.66","3.42","33.3","biking"
"4.6445","-1.3076","-6.8783","0.33138","0.04469","1.8245","-0.92821","0.16096","-0.28069","-39.9","2.58","33.3","biking"
"3.9908","-0.68102","-5.8567","-0.36761","0.43827","2.8566","-0.71868","0.073304","-0.17104","-40.26","1.08","33.36","biking"
"5.2438","-0.70826","-6.8783","0.8633799999999999","0.31649","1.8356","-0.34453","-0.16188","-0.10415","-40.44","-0.42","33.24","biking"
"5.0531","-0.43585","-7.3822","0.67596","0.55232","1.3375","-0.23976","-0.11545","-0.16127","-40.62","-1.02","33.3","biking"
"4.7671","-0.62654","-8.5127","0.4154","0.2801","0.22862","-0.12584","-0.24007","-0.1628","-40.8","-2.28","33.6","biking"
"4.7671","-0.47671","-8.1586","0.4547","0.39334","0.6059100000000001","-0.025045","-0.15852","-0.1014","-40.8","-3.36","33.36","biking"
"4.9306","0.16344","-7.9951","0.62793","1.024","0.7751","0.065973","-0.33872","-0.074526","-40.74","-3.84","33.3","biking"
"5.2166","-0.89894","-7.8998","0.95346","-0.035079","0.88939","0.15547","-0.41142","-0.037874","-40.68","-4.32","33.36","biking"
"4.3313","-0.081722","-6.7012","0.15383","0.8391200000000001","2.1233","0.34697","-0.39584","0.085827","-40.68","-4.62","33.6","biking"
"5.1894","-0.36775","-6.9872","1.0516","0.63761","1.8467","0.63377","-0.4477600000000001","0.30788000000000004","-40.62","-4.86","33.54","biking"
"4.4539","-0.65378","-6.7421","0.39698","0.47948","2.1139","0.66615","-0.4477600000000001","0.21411","-40.62","-4.92","33.6","biking"
"3.623","-1.0624","-6.1019","-0.36766","0.21128","2.765","0.88575","-0.39401","0.44563","-40.32","-4.8","33.72","biking"
"4.4947","-1.2531","-6.4424","0.55576","0.16393","2.4259","1.0223","-0.5616899999999999","0.46548","-40.2","-4.68","34.02","biking"
"4.0861","-0.55843","-6.7693","0.26102","1.1052","2.106","1.0498","-0.55772","0.36194","-39.78","-4.26","34.14","biking"
"3.4732","-0.29965","-6.3743","-0.2502","1.5642","2.5045","1.2504","-0.6090300000000001","0.38759","-39.48","-4.14","34.26","biking"
"4.0452","-1.7979","-6.8374","0.42627","0.30923","2.0301","1.3799","-0.6572899999999999","0.45448","-39.12","-3.54","34.68","biking"
"5.5299","-1.58","-8.2812","2.0882","0.90004","0.56047","1.3711","-0.86926","0.3149","-38.7","-2.4","35.1","biking"
"4.6854","-1.1305","-8.2812","1.3093","1.4613","0.5536800000000001","1.5162","-0.8643700000000001","0.21166","-38.52","-1.8","35.16","biking"
"5.2575","-2.4789","-8.7851","2.0461","0.50727","-0.013576","1.6157","-0.63927","0.16188","-37.86","-0.78","35.4","biking"
"5.2847","-3.3234","-8.6353","2.1598","-0.063237","0.06970499999999999","1.6261","-0.80298","0.13622","-37.68","0.48","36.06","biking"
"4.6445","-3.5822","-7.6546","1.6074","-0.11269","1.0004","1.693","-0.76786","0.045204","-37.32","1.2","36.24","biking"
"3.9908","-4.4539","-7.0962","1.087","-0.6200899999999999","1.4502","1.774","-0.87995","-0.007635800000000002","-36.84","2.64","36.72","biking"
"2.5742","-4.2223","-5.9657","-0.19455","-0.083239","2.4825","1.8595","-0.99235","0.05681","-36.18","4.14","37.14","biking"
"2.5334","-4.3313","-7.2188","0.028041000000000003","0.29338000000000003","1.0581","2.0944","-1.1344","0.19059","-35.64","5.76","37.56","biking"
"2.833","-4.5764","-7.3277","0.42447","0.22303","0.878","2.1307","-1.2309","0.27","-35.46","6.72","37.92","biking"
"2.7649","-5.2302","-7.927","0.66393","0.059717","0.058747","2.0269","-1.3103","0.14905","-34.62","8.28","38.4","biking"
"1.58","-5.1349","-6.2109","-0.3477","0.46561","1.6051","2.0003","-1.0293","0.16218","-33.78","9.66","38.76","biking"
"2.4108","-5.9385","-6.96","0.6560600000000001","-0.039884","0.6753100000000001","1.8888","-1.1958","0.07025","-33.18","10.5","38.94","biking"
"2.8467","-6.4424","-8.1586","1.2206","-0.2823","-0.70345","1.7119","-0.6072","-0.10415","-32.22","12.12","39.24","biking"
"2.1793","-6.17","-8.717","0.6067","0.21226","-1.4394","1.6619","-0.36988","-0.16066","-31.62","13.02","39.12","biking"
"2.3155","-6.3471","-8.1177","0.7575","0.23625","-1.0182","1.6283","-0.5473399999999999","-0.27825","-30.72","14.88","39.18","biking"
"2.8058","-9.7113","-9.7522","1.2963","-2.8376","-2.9226","1.5455","-0.8613200000000001","-0.53665","-29.88","16.74","39.06","biking"
"2.0839","-11.128","-9.3299","0.5748","-4.1612","-2.595","1.3399","-0.45784","-0.73945","-29.4","17.7","39.06","biking"
"1.1441","-8.9486","-6.7421","-0.36153","-1.7281","-0.27924","1.3784","-0.7871","-0.47495","-28.56","19.32","38.76","biking"
"3.7592","-6.8647","-5.6252","2.2885","0.5082300000000001","0.67147","1.2807","-0.92699","-0.37141","-28.02","20.76","38.16","biking"
"1.8932","-7.8862","-6.8374","0.42573","-0.39401","-0.6824","1.1136","0.018631","-0.7351800000000001","-27.72","21.42","37.74","biking"
"-0.65378","-8.7034","-5.5707","-2.1854","-1.0843","0.4104600000000001","1.3387","-0.21258","-0.39279","-27.3","22.56","37.2","biking"
"1.4846","-8.6489","-5.5571","-0.062106","-0.91489","0.16105","1.255","-0.97341","-0.4722","-27.18","23.58","36.48","biking"
"0.72188","-8.7306","-4.6582","-0.79288","-0.8446899999999999","0.97102","0.9728","-0.34147","-0.41661","-26.94","23.94","36.18","biking"
"1.8932","-7.9407","-5.4481","0.36716","0.05539","0.020375","1.1829","-0.14415999999999998","-0.20403","-26.82","24.66","35.34","biking"
"0.27241","-8.2948","-7.1234","-1.2869","-0.17315","-1.853","0.77946","-0.0042761000000000006","-0.2865","-26.52","25.26","34.8","biking"
"0.9398","-8.4991","-6.4833","-0.6149899999999999","-0.34499","-1.2618","0.92118","-0.489","-0.06688999999999999","-26.4","25.5","34.38","biking"
"2.438","-10.106","-7.2188","0.92157","-1.8401","-2.165","0.78435","-0.67928","-0.4612","-26.1","26.1","33.84","biking"
"0.8717","-9.5479","-6.4152","-0.6809999999999999","-1.279","-1.3767","-0.002138","-0.13806","-0.3653","-25.98","26.64","33.24","biking"
"-0.19068","-8.6081","-5.8295","-1.7447","-0.34161","-0.7875800000000001","0.23702","-0.61942","-0.14172","-25.86","27.0","33.12","biking"
"0.95342","-9.1665","-4.7807","-0.5402600000000001","-0.87564","0.23933","0.066584","-0.41539","-0.17165","-25.5","27.36","32.7","biking"
"0.34051","-8.7306","-5.2438","-1.1639","-0.45312","-0.20501","-0.21411","0.037568","-0.26359","-25.26","27.66","32.46","biking"
"0.17706","-8.4991","-5.2847","-1.3426","-0.24092","-0.21877","-0.4447100000000001","0.28466","-0.25076","-25.08","27.78","32.16","biking"
"0.65378","-8.6081","-5.7342","-0.91403","-0.39714","-0.60649","-0.35675","0.48319","-0.22266","-25.02","27.96","32.16","biking"
"0.72188","-8.5127","-5.6933","-0.9359","-0.3578","-0.5049","-0.31429","0.44838","-0.10415","-25.02","28.08","32.04","biking"
"0.8036","-7.8589","-4.7535","-0.8698100000000001","0.2645","0.47906","-0.38271","0.27886","0.030543","-25.02","27.96","32.22","biking"
"0.50395","-7.7227","-4.985","-1.1697","0.38259","0.27547","-0.48869","0.42089","0.08094","-25.2","27.9","32.28","biking"
"-0.25879","-9.3163","-6.6876","-1.9386","-1.2784","-1.3266","-0.53451","0.59529","0.11179","-25.44","27.36","32.34","biking"
"-0.57205","-8.9349","-7.3958","-2.2437","-0.95035","-1.9532","-0.56016","1.0437","0.29535","-25.5","27.0","32.4","biking"
"0.6946399999999999","-7.7364","-7.2733","-1.0496","0.15289","-1.7156","-0.76205","1.3558","0.43494","-25.92","26.58","32.64","biking"
"-0.28603","-7.2869","-7.1371","-2.0489","0.5556300000000001","-1.5194","-1.0351","1.3216","0.49877","-26.16","26.4","32.76","biking"
"0.1362","-6.2654","-4.3585","-1.6529","1.4483","1.4267","-0.9053","1.1454","0.73701","-26.58","26.34","32.94","biking"
"0.095342","-7.4503","-4.3585","-1.6399","0.23315","1.483","-0.51618","0.50855","0.74495","-26.88","26.04","33.18","biking"
"0.31327","-8.6081","-4.4675","-1.3803","-0.92893","1.392","-0.58582","0.3882","0.64232","-27.06","26.1","33.18","biking"
"0.74912","-9.6841","-6.0611","-0.8565","-2.0806","-0.079391","-1.1118","1.0131","0.6038399999999999","-27.36","25.92","33.06","biking"
"1.6072","-8.8668","-7.6002","-0.008315600000000001","-1.3195","-1.5506","-1.4456","1.8775","0.6243","-27.48","25.74","33.06","biking"
"1.757","-6.5378","-8.6898","-0.042134","0.7605","-2.3915","-1.5586","2.0159","0.56047","-27.84","25.56","33.0","biking"
"1.0215","-6.7829","-7.7091","-0.84856","0.42115","-1.9638","-1.0715","1.255","0.66584","-28.26","25.5","32.64","biking"
"1.4574","-8.9349","-7.5865","-0.47295","-1.8901","-1.0433","-0.84788","-0.35094000000000003","0.54672","-28.5","25.26","32.64","biking"
"0.74912","-9.9565","-7.6546","-1.0016","-3.0452","-0.92117","-1.1689","-0.037874","0.40073","-28.8","25.14","32.52","biking"
"0.8308399999999999","-8.2131","-7.463999999999999","-0.97406","-1.4715","-0.57458","-1.6903","1.3497","0.36438","-29.1","24.66","32.4","biking"
"1.866","-6.4833","-6.4152","-0.011903","0.15425","0.5552600000000001","-1.5473","1.2969","0.55589","-29.28","24.3","32.34","biking"
"1.6481","-4.1814","-4.3313","-0.28207","2.2414","2.8236","-0.96761","0.33567","0.6582100000000001","-29.58","23.76","32.46","biking"
"0.91256","-5.5707","-5.2847","-0.97507","0.7581399999999999","1.9646","-1.0611","0.64874","0.21502","-29.94","23.16","32.64","biking"
"1.3484","-7.3141","-6.3198","-0.59846","-1.0847","0.99956","-1.3897","1.1026","-0.020769","-30.12","22.86","32.82","biking"
"2.438","-6.4152","-8.0632","0.31519","-0.42511","-0.59445","-1.5498","0.67348","0.01741","-30.72","22.32","33.0","biking"
"2.4925","-5.5435","-7.5729","0.27994","0.22814","0.040448000000000005","-1.4734","0.37843","-0.0033598","-30.96","21.6","33.54","biking"
"2.4653","-4.6718","-7.8045","0.19569","0.76185","0.037412","-1.5128","0.051618","-0.15974000000000002","-31.08","20.82","34.02","biking"
"2.3155","-4.8216","-8.8668","0.032206","0.48665","-0.94349","-1.5299","0.21289","-0.22724","-31.2","20.4","34.38","biking"
"3.1327","-7.6546","-10.678","0.7157399999999999","-2.7352","-2.5464","-1.7217","0.57849","-0.50305","-31.8","19.26","34.56","biking"
"2.9148","-6.0066","-8.826","0.33924","-1.3624","-0.5816899999999999","-1.7077","0.7501399999999999","-0.40561","-32.22","18.12","35.1","biking"
"2.6015","-3.909","-7.9679","-0.12137","0.45659","0.38061","-1.5021","0.73029","-0.36652","-32.4","17.4","35.28","biking"
"2.8467","-4.0316","-8.2403","-0.018063","0.075455","0.19152","-1.4621","0.70402","-0.45265","-33.36","15.9","35.46","biking"
"3.7456","-5.3119","-8.2812","0.65456","-1.0128","-0.22617","-1.4053","0.71716","-0.54184","-33.72","15.3","35.58","biking"
"3.6094","-4.1951","-7.0962","0.35731","-0.7014600000000001","1.4705","-1.4269999999999998","0.7205199999999999","-0.53023","-34.32","13.62","35.88","biking"
"3.1599","-3.8273","-5.1213","-0.17576","-0.45764","3.463","-1.4817","0.8286399999999999","-0.50732","-34.74","12.72","35.94","biking"
"3.6366","-2.9284","-5.5707","0.057111","0.059657","3.0565","-1.379","0.64202","-0.5473399999999999","-35.4","10.98","36.24","biking"
"4.9033","-1.6753","-8.6489","1.2442","1.033","0.037073","-1.4007","0.06780599999999999","-0.71899","-35.94","10.08","36.24","biking"
"5.7342","-3.0237","-11.863","2.0385","-0.6250600000000001","-3.1021","-1.5339","-0.022297","-0.8637600000000001","-36.3","9.18","36.36","biking"
"4.6037","-4.2768","-10.692","0.86798","-2.0092","-1.9129","-1.3598","0.5678","-0.74159","-36.72","8.22","36.3","biking"
"4.2632","-1.2939","-7.2188","0.40103","0.70262","1.5714","-1.0586","0.1127","-0.6655399999999999","-37.14","7.5","36.3","biking"
"4.6718","-1.1032","-8.1858","0.7214","0.54987","0.63642","-0.89339","0.16921","-0.66951","-37.86","5.76","36.12","biking"
"3.8001","-1.3212","-6.8374","-0.22037","0.13312000000000002","1.9882","-0.8885","0.6594300000000001","-0.51221","-38.16","4.92","36.06","biking"
"4.2223","-0.70826","-5.2575","0.039225","0.52545","3.5261","-0.53237","0.32467","-0.38882","-38.76","3.24","35.7","biking"
"3.8682","-0.39499","-4.2223","-0.39939","0.73378","4.5346","-0.42974","0.5287","-0.39523","-38.94","2.46","35.46","biking"
"4.4811","-0.1362","-5.0804","0.16026","0.94385","3.6566","-0.18784","0.10965","-0.49297","-39.12","1.56","35.34","biking"
"5.4754","0.5993","-7.9543","1.1392","1.5971","0.78486","-0.079412","-0.08827","-0.69272","-39.3","0.78","35.04","biking"
"4.0044","-1.3212","-6.7148","-0.35183000000000003","-0.42455","2.0253","0.30818","-0.29932","-0.31948000000000004","-39.66","-0.72","34.56","biking"
"5.8023","-0.58567","-8.6353","1.4915","0.34387","0.1239","0.29444000000000004","-0.4328","-0.35277","-39.84","-1.38","34.32","biking"
"4.4811","1.1577","-7.9951","0.1985","2.0779","0.77885","0.26542","-0.28588","-0.36805","-40.02","-2.16","34.14","biking"
"6.1292","-0.78998","-8.6353","1.8982","0.16194","0.16033","0.72265","-0.52473","-0.10049","-40.02","-3.3","33.78","biking"
"5.1349","-0.20431","-7.8726","0.97576","0.8488","0.94578","0.69242","-0.44593","-0.18479","-40.08","-3.72","33.72","biking"
"4.699","-1.5391","-7.246","0.63617","-0.295","1.5923","1.0055","-0.5507","0.047647","-39.96","-4.44","33.66","biking"
"4.3721","-1.0215","-7.0962","0.38833","0.3919","1.7526","0.98349","-0.46578","0.0088575","-40.02","-4.5","33.72","biking"
"4.1951","-0.55843","-6.9055","0.24253","0.93175","1.9447","1.0938","-0.61239","0.082467","-39.96","-4.56","33.78","biking"
"4.5764","-0.7355","-8.1313","0.7128800000000001","0.92512","0.72787","1.2446","-0.79077","0.087659","-39.84","-4.74","33.96","biking"
"3.3506","-1.3348","-6.96","-0.3298","0.63494","1.9139","1.241","-0.62583","0.095295","-39.42","-4.5","34.62","biking"
"2.6423","-0.92618","-6.2517","-0.93818","1.2642","2.6112","1.5107","-0.55803","0.2361","-39.36","-4.26","34.92","biking"
"3.2416","-1.3757","-6.7421","-0.22923","1.0865","2.0932","1.6008","-0.6349899999999999","0.27764","-39.24","-4.02","35.28","biking"
"3.2144","-1.8524","-6.279","-0.20201","0.75148","2.5368","1.5986","-0.64385","0.25901","-39.0","-3.54","35.58","biking"
"3.2553","-2.1793","-8.0905","0.091027","0.98847","0.63439","1.686","-0.79535","0.42944","-38.34","-2.4","36.24","biking"
"2.4517","-2.3836","-6.9328","-0.63151","0.93936","1.7634","2.0061","-1.0351","0.5393899999999999","-37.98","-1.62","36.72","biking"
"3.051","-3.2825","-8.431000000000001","0.16130999999999998","0.38467","0.19293","2.0039","-0.98044","0.5393899999999999","-37.62","-0.72","37.08","biking"
"3.514","-4.7126","-8.1995","0.79979","-0.69463","0.32456","1.8787","-0.78618","0.42425","-37.26","0.24","37.5","biking"
"3.1463","-6.4424","-10.052","0.65809","-1.9266","-1.71","1.6997","-0.50183","0.31673","-36.24","1.86","38.1","biking"
"2.5606","-6.1155","-8.1586","0.18047","-1.315","0.054819000000000014","1.6756","-0.71563","0.40745","-35.82","2.88","38.34","biking"
"1.9613","-5.1757","-6.4833","-0.3445","-0.22793","1.6637","1.8696","-0.80512","0.51465","-35.22","3.78","38.64","biking"
"2.7649","-4.0452","-7.1507","0.67961","1.3311","0.78133","1.5947","-0.26939","0.21472","-34.2","6.18","38.94","biking"
"1.7979","-5.2029999999999985","-6.1019","-0.22834","0.42363","1.6702","1.9212","-0.65057","0.24343","-33.72","7.5","38.88","biking"
"1.4574","-6.3879","-7.0826","-0.40122","-0.33476","0.40574","1.9044","-0.26237","0.30177","-32.7","9.78","38.82","biking"
"1.866","-7.0553","-5.5571","0.070559","-0.71663","1.707","1.8708","-0.20861","0.25565","-32.28","10.92","38.82","biking"
"3.3915","-7.927","-6.7148","1.6375","-1.3359","0.33152","1.5806","-0.075442","0.0051924","-31.68","12.06","38.82","biking"
"2.1248","-7.8317","-7.8998","0.35891","-1.0387","-1.0509","1.5547","0.30329","0.045815","-31.26","13.2","38.7","biking"
"0.44947","-6.9736","-7.246","-1.3175","-0.080657","-0.49803","1.737","-0.057727","0.2584","-30.78","14.4","38.52","biking"
"2.6696","-6.4833","-5.2575","0.97341","0.78919","1.099","1.5675","-0.64232","0.043677","-29.94","16.68","37.8","biking"
"1.9613","-9.2482","-8.2403","0.33469","-1.774","-2.1035","1.3583","-0.37171","-0.11881","-29.64","17.58","37.44","biking"
"1.757","-10.447","-9.0303","0.1265","-2.8995","-2.9847","1.3546","0.25381","-0.083383","-29.46","18.72","37.14","biking"
"1.7298","-10.733","-8.3084","0.09276","-3.0365","-2.4555","1.3864","-0.93371","0.033292","-29.16","19.74","36.66","biking"
"2.1248","-11.196","-7.2188","0.66373","-3.2803","-1.6171","1.2431","-1.0327","-0.0054978","-28.56","21.72","35.76","biking"
"1.58","-10.76","-5.9112","0.13047999999999998","-2.7343","-0.46542","0.91294","-0.18509","-0.093768","-28.26","22.62","35.34","biking"
"0.58567","-10.093","-5.5571","-0.84806","-2.0131","-0.18725","1.0006","-0.50488","0.025045","-27.9","23.28","34.86","biking"
"1.757","-9.2346","-5.1076","0.40432","-1.0021","0.046596","0.7422","-0.098044","0.077885","-27.42","24.6","33.96","biking"
"0.61292","-9.2074","-4.985","-0.70613","-0.90277","0.061169000000000015","0.55467","-0.40103","0.091935","-27.12","25.32","33.6","biking"
"0.17706","-8.4446","-4.5492","-1.0649","-0.08214400000000001","0.42042","0.50763","-0.6401899999999999","0.22724","-26.88","26.04","33.12","biking"
"1.3893","-6.0611","-4.6173","0.28267","2.3716","0.26486","0.41233","-0.31032","0.32406","-26.64","27.24","32.22","biking"
"1.3076","-5.9793","-4.7671","0.22942","2.4662","0.099241","0.14661","-0.17593","0.19884","-26.4","27.72","31.98","biking"
"0.76274","-7.9134","-5.3528","-0.26289","0.55213","-0.10137","0.11118","-0.23243000000000005","0.13867000000000002","-26.1","28.08","31.8","biking"
"0.98067","-9.4253","-6.5514","0.018745","-0.95316","-1.707","-0.036041","-0.3882","-0.034207999999999995","-25.68","28.86","31.32","biking"
"1.0624","-9.7658","-7.2596","0.12485999999999997","-1.3139","-2.3752","-0.18815","-0.28894000000000003","-0.07055499999999999","-25.44","29.16","31.14","biking"
"1.0624","-9.2074","-7.0962","0.12382","-0.78166","-2.167","-0.54275","0.34453","-0.007025","-25.08","29.4","31.02","biking"
"0.27241","-9.507","-5.7205","-0.69479","-1.1623","-0.66083","-0.58307","0.4105","0.047953","-24.72","29.82","31.02","biking"
"0.12258","-9.8339","-5.2575","-0.8603200000000001","-1.5347","-0.1264","-0.42425","0.23366","0.061392","-24.66","30.18","30.9","biking"
"-0.14982","-10.025","-5.4073","-1.1277","-1.7573","-0.22394","-0.36499","0.25107","0.11484","-24.54","30.42","30.96","biking"
"1.4846","-9.6977","-6.2245","0.4956","-1.4683","-0.98341","-0.29566","0.5632199999999999","0.2251","-24.48","30.66","31.02","biking"
"1.3484","-8.9622","-6.8374","0.31706","-0.7681600000000001","-1.5493","-0.47647","1.0351","0.29047","-24.42","30.66","31.02","biking"
"1.0624","-8.1722","-6.2654","0.0026726","-0.0037451","-0.94337","-0.55619","1.0644","0.33475","-24.36","30.48","30.96","biking"
"1.2395","-7.3141","-4.8352","0.13291","0.80478","0.55265","-0.53573","0.56597","0.33842","-24.36","30.42","31.02","biking"
"0.8717","-6.8374","-3.2144","-0.22657","1.2244","2.2602","-0.48625","0.32834","0.20464","-24.48","30.18","31.02","biking"
"1.2122","-6.9328","-3.051","0.099908","1.0846","2.4858","-0.70738","0.47189","0.07208200000000001","-24.6","30.0","31.2","biking"
"1.4438","-7.5457","-4.522","0.2757","0.39588","1.1117","-0.90469","0.78282","-0.18143","-24.78","29.82","31.38","biking"
"1.6753","-9.8884","-8.4174","0.27275","-2.1309","-2.5843","-1.1463","1.4258","-0.3375","-25.14","29.4","31.32","biking"
"2.0839","-10.093","-9.1529","0.56538","-2.421","-3.236","-1.4053","1.6283","-0.37507","-25.56","29.16","31.38","biking"
"2.0022","-8.6762","-8.8124","0.26695","-1.1907","-2.7192","-1.5504","0.93554","-0.30696","-25.86","28.86","31.5","biking"
"2.3427","-6.4152","-6.17","0.46639","0.78485","0.2182","-1.4044","0.011301","-0.19487","-26.58","27.96","31.44","biking"
"2.547","-6.4152","-6.2517","0.6776800000000001","0.7044","0.22804","-1.1002","-0.7538100000000001","-0.25779","-27.06","27.54","31.44","biking"
"2.547","-7.2188","-7.1779","0.7196199999999999","-0.25394","-0.52044","-1.6481","0.20006","-0.90836","-27.48","27.12","31.56","biking"
"0.7355","-9.3436","-9.9565","-1.3297","-2.8014","-2.9489","-1.8925","1.4181","-0.8756799999999999","-28.14","25.98","32.04","biking"
"1.8387","-5.6797","-8.3765","-0.41054","0.64578","-1.2281","-1.5861","0.62766","-0.44074","-28.56","25.38","32.34","biking"
"1.3893","-4.6718","-5.8295","-0.96287","1.4423","1.4681","-1.0675","0.11576","-0.3259","-28.92","24.78","32.76","biking"
"1.471","-5.2711","-4.1678","-0.97626","0.59853","3.2974","-1.2507","0.30024","-0.44624","-29.76","23.34","33.48","biking"
"2.5334","-4.8897","-7.1643","-0.059217","0.74248","0.43355","-1.5779","0.72021","-0.72326","-30.24","22.56","33.72","biking"
"2.7922","-5.2847","-9.0984","0.11261","0.20685","-1.4281","-1.6857","0.35949000000000003","-0.7816","-30.78","21.78","33.84","biking"
"3.2689","-7.3822","-11.032","0.38403","-2.3132","-3.1488","-1.6985","0.7477","-0.8503200000000001","-31.8","19.86","34.74","biking"
"3.1735","-6.8647","-9.5479","0.091342","-2.0866","-1.5578","-1.6664","1.0724","-0.79382","-32.22","18.78","35.04","biking"
"3.5685","-5.3528","-8.7987","0.3708","-0.72111","-0.76803","-1.4737","0.89736","-0.60323","-32.58","17.64","35.46","biking"
"2.9829","-5.3119","-8.2676","-0.56738","-1.2166","-0.094784","-1.5647","0.6530100000000001","-0.7834300000000001","-33.6","15.54","36.0","biking"
"4.0589","-5.8704","-9.8203","0.4375600000000001","-1.915","-1.6098","-1.6014","0.5904","-0.94623","-34.08","14.34","36.36","biking"
"3.7047","-5.3528","-9.616","-0.073219","-1.7008","-1.3359","-1.6066","0.77183","-0.9108","-34.5","13.2","36.54","biking"
"2.7649","-4.8625","-6.2517","-1.3","-1.6355","2.0689","-1.5886","1.1628","-0.64996","-35.76","10.98","36.54","biking"
"2.5606","-2.152","-5.4345","-1.7255","0.79319","2.8796","-1.5149","0.83719","-0.6389699999999999","-36.3","9.84","36.54","biking"
"2.0839","-1.4438","-4.1951","-2.3476","1.2087","4.1414","-1.5314","0.65027","-0.66798","-37.02","8.64","36.36","biking"
"4.0589","-2.6423","-4.5083","-0.44738","-0.13039","3.8316","-1.5681","0.7360899999999999","-0.6859999999999999","-37.56","7.44","36.18","biking"
"5.4073","-0.8717","-5.5435","0.6635","1.1714","2.7928","-1.7773","0.41783","-0.8597899999999999","-38.58","5.04","35.46","biking"
"5.8295","-0.40861","-8.1313","0.99006","1.2638","0.23246","-1.6759","0.28283","-0.8057300000000001","-39.06","3.6","35.22","biking"
"5.38","-0.054481","-10.406","0.48328","1.2776","-2.0144","-1.2785","0.15455","-0.71227","-39.54","2.52","34.86","biking"
"4.8625","-1.7298","-8.3493","-0.07145499999999999","-0.7418100000000001","0.068016","-0.89644","0.13347","-0.39401","-40.5","0.3","34.26","biking"
"5.1213","-2.2474","-7.7227","0.16485","-1.3121","0.6873600000000001","-0.61453","0.20831","-0.13531","-40.92","-0.66","33.84","biking"
"4.2632","-0.54481","-5.7886","-0.73526","0.51066","2.2949","-0.60292","0.10751","-0.12248","-41.1","-1.62","33.6","biking"
"4.7944","0.068102","-7.2188","-0.22969","0.7609100000000001","1.1746","-0.35461","0.026878","-0.040623","-41.76","-3.42","33.0","biking"
"4.3449","-0.36775","-6.5514","-0.69366","0.28113","1.8368","-0.1967","0.08491","-0.081245","-42.12","-4.26","32.82","biking"
"4.2768","-0.8036","-6.3198","-0.77145","-0.16465","2.0633","0.07360900000000001","-0.014661000000000004","-0.033598","-42.24","-5.04","32.46","biking"
"4.0316","0.21793","-5.8295","-1.0246","0.8542200000000001","2.549","0.11698","0.085216","-0.023518","-42.42","-6.06","31.92","biking"
"4.7399","0.47671","-6.4016","-0.32839","1.1281","1.9685","0.28466","-0.19945","-0.018631","-42.6","-6.42","31.74","biking"
"4.6309","-0.013619999999999998","-6.7829","-0.4008","0.70019","1.6041","0.33964","-0.10721","0.051618","-42.66","-7.5","31.68","biking"
"4.3313","-0.095342","-6.6331","-0.69124","0.6512399999999999","1.7566","0.5787899999999999","-0.34514","0.24587","-42.6","-7.8","31.8","biking"
"4.3858","-0.14982","-6.5105","-0.58778","0.69606","1.8989","0.624","-0.37263","0.29963","-42.6","-7.86","31.86","biking"
"4.5764","-1.4165","-7.1507","-0.28583000000000003","-0.36562","1.3006","0.74373","-0.55405","0.39492","-42.42","-7.98","31.98","biking"
"5.8704","-1.6481","-10.011","1.1236","-0.40164","-1.5206","0.8930899999999999","-0.67409","0.61545","-42.3","-7.98","31.98","biking"
"3.4459","-0.5311899999999999","-7.5593","-1.2352","0.79279","0.95566","0.86682","-0.52076","0.64935","-42.3","-7.92","32.16","biking"
"4.1678","-1.0488","-8.2267","-0.32848","0.56993","0.33681","1.2898","-0.90836","0.98319","-42.36","-7.56","32.64","biking"
"3.8409","-2.0022","-7.0145","-0.4911","-0.099311","1.5752","1.1793","-0.56566","0.8094","-42.12","-7.26","32.76","biking"
"3.2961","-2.261","-6.7693","-0.97355","-0.22375","1.8208","1.4334","-0.77122","0.8332200000000001","-41.94","-6.78","32.94","biking"
"3.6911","-1.9886","-6.674","-0.27944","0.62846","1.9025","1.3903","-0.69242","0.8359700000000001","-41.82","-5.82","33.6","biking"
"3.1463","-1.9613","-6.0611","-0.76599","0.80166","2.4964","1.6255","-0.51557","0.88423","-41.58","-5.22","34.08","biking"
"3.7456","-2.547","-7.2052","-0.046673","0.53192","1.2983","1.6496","-0.5959","0.8894200000000001","-41.22","-4.62","34.44","biking"
"3.051","-3.1872","-6.4969","-0.50337","0.39228","1.9129","1.8546","-0.90164","0.9218","-40.86","-2.58","34.74","biking"
"4.0589","-4.1542","-9.221","0.71454","-0.22306","-0.88239","1.7843","-0.96395","0.91233","-40.5","-1.5","35.04","biking"
"4.3177","-4.7671","-8.4855","1.0735","-0.6632399999999999","-0.19066","1.8357","-1.1472","0.81184","-40.02","-0.36","35.34","biking"
"3.8682","-5.2438","-8.2403","1.0048","-0.54988","-0.12006","1.8641","-0.8390200000000001","0.65027","-39.36","1.86","35.88","biking"
"3.6094","-5.5026","-6.9055","0.8644700000000001","-0.5758","1.1171","1.6341","-0.8280299999999999","0.4587600000000001","-38.88","3.18","36.12","biking"
"2.9556","-5.7342","-6.0066","0.37042","-0.52552","-0.60154","1.7187","-0.56261","0.29535","-37.86","5.58","36.66","biking"
"2.3836","-5.2575","-7.5865","-0.037881","0.33632","0.095697","1.6142","-0.49297","0.17685","-37.14","6.9","36.78","biking"
"1.58","-5.5162","-5.7342","-0.7188899999999999","0.33964","1.7888","1.8158","-0.8601","0.23854","-36.6","8.1","36.96","biking"
"2.6968","-5.8159","-7.7364","0.48684","0.18533","-0.30186","2.0363","-0.83139","0.36499","-36.12","9.24","37.08","biking"
"2.0839","-9.1665","-7.1915","-0.010996","-2.7391","-0.08729500000000001","1.7532","-0.0024435","0.060476","-35.04","11.82","37.2","biking"
"2.1656","-9.1393","-7.1371","0.10527","-2.4646","-0.25415","1.5259","-0.49969","0.098655","-34.56","13.02","37.2","biking"
"1.4301","-7.3822","-6.3471","-0.55064","-0.5094","0.36195","1.4294","-0.45143","0.18815","-34.02","14.16","37.2","biking"
"1.5119","-5.6661","-5.3664","-0.26918000000000003","1.5194","1.0653","1.7315","-0.93676","0.40897","-32.94","16.32","37.14","biking"
"3.0646","-6.5378","-6.3743","1.3487","0.75185","-0.04284","1.5892","-0.77641","0.019242","-32.4","17.4","37.02","biking"
"3.0101","-8.6898","-8.0088","1.3657","-1.2275","-1.8621","1.3305","-0.14905","-0.05681","-31.98","18.48","36.84","biking"
"1.1169","-11.223","-8.4446","-0.47998","-3.5327","-2.5729","1.3512","-0.27794","0.011606","-31.08","20.4","36.3","biking"
"2.0431","-9.8611","-7.3005","0.5391100000000001","-2.0198","-1.6065","1.3677","-1.1035","0.16768","-30.6","21.12","36.06","biking"
"3.2961","-9.7113","-7.0962","1.843","-1.7984","-1.4887","0.93004","-0.8042","-0.17593","-30.24","22.02","35.64","biking"
"0.81722","-9.6841","-4.4266","-0.53919","-1.5984","0.9541","0.9276","-0.49297","-0.092546","-29.7","23.58","34.8","biking"
"0.38137","-8.6489","-4.8761","-0.9198","-0.46135","0.36233","0.9951","-0.33414","0.13622","-29.28","24.42","34.56","biking"
"1.9205","-6.7966","-4.9578","0.6866","1.5176","0.094238","0.77305","-0.45937","0.045509","-28.68","25.62","33.84","biking"
"1.5527","-7.6955","-5.4073","0.3449","0.64785","-0.39728","0.57391","-0.91447","-0.14539000000000002","-28.26","26.16","33.42","biking"
"0.8853200000000001","-9.3844","-6.851","-0.25262","-0.99068","-1.4598","0.50885","-0.7962600000000001","-0.13225","-27.84","26.88","33.12","biking"
"0.91256","-10.27","-6.8919","-0.13735999999999998","-1.8186","-2.0292","0.49114","-0.58338","-0.077274","-27.12","27.84","32.7","biking"
"0.50395","-8.8668","-5.4481","-0.48992","-0.38519","-0.62692","0.28558","-0.68692","-0.071777","-26.76","28.14","32.34","biking"
"1.0079","-8.036","-4.8216","0.030626","0.44734","2.48e-05","-0.25351","0.0085521","-0.11148","-26.46","28.5","31.98","biking"
"0.92618","-8.4446","-4.9714","-0.071502","0.0031939","-0.091926","-0.28283","0.034819","-0.14111","-25.98","29.1","31.74","biking"
"-0.013619999999999998","-9.902","-5.2302","-1.0157","-1.4755","-0.31487","-0.13775","-0.14752","-0.067195","-25.68","29.28","31.62","biking"
"0.34051","-10.665","-5.4754","-0.64865","-2.2397","-0.55494","-0.08827","0.12309","-0.025045","-25.56","29.52","31.38","biking"
"1.4165","-9.1256","-7.0281","0.36035","-0.75493","-2.0295","-0.4758600000000001","0.5824600000000001","0.0054978","-25.2","29.76","31.44","biking"
"0.5311899999999999","-8.4446","-7.0962","-0.54642","-0.11423","-2.0352","-0.71563","0.6634","0.087965","-24.9","29.76","31.56","biking"
"0.6401600000000001","-7.9407","-6.3471","-0.48515","0.31548000000000004","-1.176","-0.5919300000000001","0.5384800000000001","0.082467","-24.96","29.82","31.5","biking"
"0.70826","-7.1915","-4.2904","-0.44622","1.0053","0.96791","-0.24893","0.20128","0.19395","-24.66","29.82","31.68","biking"
"0.7355","-6.8647","-3.0782","-0.40791","1.3117","2.2143","-0.35644000000000003","0.15363","0.16066","-24.66","29.7","31.8","biking"
"0.6674","-7.1234","-2.9284","-0.47706","1.0351","2.3913","-0.63194","0.57238","-0.062308","-24.78","29.52","31.86","biking"
"0.49033","-8.6762","-5.4209","-0.7380800000000001","-0.606","0.013616","-0.8579600000000001","1.0928","-0.14386","-24.84","29.4","31.98","biking"
"0.49033","-8.6762","-5.4209","-0.7380800000000001","-0.606","0.013616","-0.8579600000000001","1.0928","-0.14386","-24.84","29.4","31.98","biking"
"1.6889","-8.6081","-7.6138","0.2331","-0.70519","-1.9928","-1.018","1.1417","-0.032987","-25.5","28.62","32.4","biking"
"3.1599","-7.5321","-7.9951","1.3698","0.081588","-2.0792","-1.2724","1.1417","-0.032987","-25.86","28.26","32.46","biking"
"2.3836","-7.5048","-7.7364","0.54468","0.024424","-1.7281","-1.1808","0.35339","-0.14325","-26.28","27.9","32.7","biking"
"1.1986","-8.2539","-6.8374","-0.68218","-0.8563","-0.6804600000000001","-1.0672","0.19242","-0.15852","-26.64","27.66","32.76","biking"
"1.6072","-9.221","-7.4095","-0.34502","-2.03","-1.0338","-1.3186","0.5274800000000001","-0.3375","-27.6","27.06","32.94","biking"
"1.3348","-9.6704","-8.0905","-0.65509","-2.5581","-1.6388","-1.431","1.0418","-0.36408","-27.96","26.58","33.0","biking"
"1.9205","-7.1915","-7.7636","-0.97729","-1.9339","-1.4098","-1.408","1.0993","-0.24496","-28.8","25.56","33.48","biking"
"1.6072","-5.5299","-6.4697","-0.76189","1.1182","0.33921","-1.2361","0.59651","-0.1912","-29.34","24.96","33.66","biking"
"1.1441","-5.0259","-3.9227","-1.3049","1.4646","3.0089","-1.0886","0.39523","-0.10568","-29.64","24.48","33.84","biking"
"2.0567","-4.7944","-4.9306","-0.50602","1.4926","2.1459","-1.054","0.50732","-0.12156","-30.78","23.28","34.02","biking"
"2.152","-5.598","-6.5514","-0.4857","0.49525","0.66564","-1.4273","0.27184","-0.41233","-31.32","22.5","34.38","biking"
"2.7922","-7.1371","-9.4525","0.10759","-1.1654","-2.1517","-1.5745","0.59437","-0.51985","-31.8","21.9","34.44","biking"
"3.2144","-8.4582","-12.354","0.32337","-2.8883","-4.8179","-1.8155","0.7428100000000001","-0.5006","-32.64","20.64","34.86","biking"
"2.7513","-7.463999999999999","-9.0575","-0.27986","-2.1590000000000003","-1.3868","-1.5406","1.0644","-0.21991","-33.12","19.98","35.04","biking"
"2.3427","-5.1076","-6.5105","-0.86754","-0.023383","1.2364","-1.4447","0.97525","-0.18967","-33.66","19.32","35.04","biking"
"1.8932","-4.7399","-4.6037","-1.4889","0.014866","3.2782","-1.5021","0.43799","-0.28497","-34.32","17.7","35.22","biking"
"2.5742","-5.0804","-7.5457","-0.8549100000000001","-0.44354","0.38596","-1.5632","0.65363","-0.44563","-34.8","16.92","35.16","biking"
"4.3177","-6.0066","-9.507","0.7457699999999999","-1.6354","-1.4880000000000002","-1.7611","0.79962","-0.6007899999999999","-35.28","16.08","35.16","biking"
"3.5822","-4.0861","-8.2676","-0.24521","-0.18918","-0.12288","-1.8751","0.81581","-0.61025","-36.3","14.16","34.8","biking"
"2.2474","-1.6753","-6.7012","-1.7297","1.8996","1.5191","-1.7984","0.7663300000000001","-0.42455","-36.84","13.38","34.74","biking"
"1.5663","-2.7104","-3.6639","-2.468","0.7204","4.5898","-1.4853","0.6594300000000001","-0.24465","-37.44","12.36","34.68","biking"
"3.2553","-4.9306","-4.0589","-0.8929799999999999","-1.7435","4.2360000000000015","-1.3799","0.46792","-0.46517","-37.92","11.34","34.62","biking"
"5.1894","-1.6344","-8.3084","0.8962899999999999","1.1367","0.061829","-1.7141","0.061697","-0.76389","-38.82","9.3","34.44","biking"
"5.7205","-3.6366","-9.3299","1.3448","-1.1941","-0.9004","-1.7987","0.69119","-0.70738","-39.24","8.22","34.26","biking"
"3.9227","-4.0452","-8.7034","-0.5775399999999999","-1.9101","-0.25592","-1.503","0.2755","-0.39828","-40.14","5.94","33.96","biking"
"4.9578","-1.0079","-8.431000000000001","0.42459","0.74988","0.085491","-1.3231","0.034819","-0.21289","-40.5","4.92","33.96","biking"
"5.0123","-1.7843","-7.2869","0.44641","-0.13804","1.2344","-1.1744","0.30299","-0.23488","-40.56","3.9","33.78","biking"
"4.2904","-1.0351","-6.1292","-0.3425","0.39382","2.3952","-1.0556","0.15944","-0.19334","-40.98","2.88","33.54","biking"
"4.7399","0.027241","-6.1428","-0.15564","0.98675","3.1289","-0.8604","0.032376","-0.23488","-41.4","1.92","33.6","biking"
"4.3721","0.65378","-6.8102","-0.33275","1.6559","1.7356","-0.60659","0.15302000000000002","-0.3766","-41.82","-0.06","33.3","biking"
"4.9578","-0.12258","-7.4367","0.22096","0.7538600000000001","1.1052","-0.28375","0.051618","-0.31796","-42.12","-0.9","33.24","biking"
"5.2438","-1.4982","-7.3005","0.49199","-0.65088","1.236","-0.051007","0.08094","-0.18021","-42.24","-1.5","33.3","biking"
"3.7456","0.84446","-5.9793","-1.0264","1.6203","2.5528","-0.11393","-0.14203","-0.281","-42.18","-3.12","33.06","biking"
"4.0861","0.12258","-6.1155","-0.66894","0.8634200000000001","2.4291","-0.074831","-0.14478","-0.25779","-42.24","-3.78","33.0","biking"
"5.8159","1.3212","-8.0769","1.0748","2.0139","0.47955","0.15394000000000002","-0.30146","-0.29566","-42.3","-4.38","32.82","biking"
"4.1542","-0.49033","-5.1621","-0.54953","0.20554","3.4147","0.23457","-0.0033598","-0.038179000000000005","-42.54","-5.46","32.94","biking"
"5.2166","-0.55843","-7.3958","0.52882","0.25254","1.1795","0.77","-0.36255","0.20525","-42.42","-5.7","32.94","biking"
"5.884","0.38137","-8.1858","1.2514","1.2488","0.41402","0.6893600000000001","-0.44929","-0.031154","-42.42","-6.06","32.88","biking"
"5.0123","-2.6696","-9.0575","0.50436","-1.5924","-0.41527","1.0837","-0.47403","0.25992","-42.42","-6.36","33.0","biking"
"4.8625","-1.0351","-8.036","0.43413","0.23896","0.62061","0.95906","-0.39767","0.22541","-42.24","-6.42","33.12","biking"
"3.4459","0.12258","-5.884","-0.91929","1.5585","2.7793","1.0214","-0.36408","0.22816","-42.0","-6.18","33.3","biking"
