"0.57205","-10.134","1.1032","0.0058563","-0.39881","0.061701","0.0033598","0.009163","0.0073304","-11.22","38.22","-8.88","standing"
"0.58567","-10.147","1.1169","0.020098","-0.41256","0.07378","0.0015272","0.0036652","0.000916","-11.22","38.34","-8.88","standing"
"0.58567","-10.161","1.1169","0.020133","-0.42623","0.073232","0.000916","-0.010079","0.0033598","-11.16","38.34","-8.88","standing"
"0.61292","-10.106","1.0624","0.047266","-0.37179","0.018449","0.0061087","-0.006719499999999999","0.0058032","-11.04","38.28","-8.82","standing"
"0.57205","-10.093","1.0215","0.0075502","-0.35828000000000004","-0.024088","0.0073304","0.0045815","0.0054978","-10.86","38.22","-8.82","standing"
"0.55843","-10.12","1.0896","-0.004979399999999999","-0.38564","0.042403","0.0061087","0.0054978","-0.0036652","-10.8","38.22","-8.82","standing"
"0.57205","-10.12","1.1305","0.0084709","-0.38577","0.08213200000000001","0.002138","-0.000611","0.0018326","-10.8","38.34","-8.94","standing"
"0.55843","-10.134","1.1169","-0.0037423","-0.39953","0.06644800000000001","0.0061087","0.0015272","0.006414100000000001","-10.86","38.34","-9.12","standing"
"0.57205","-10.093","1.0624","0.010815","-0.35871","0.011106","0.002138","0.0030543","0.0024435","-10.8","38.34","-9.06","standing"
"0.65378","-10.188","0.96704","0.092588","-0.45399","-0.083753","0.0015272","0.0045815","0.0012217","-10.8","38.46","-8.94","standing"
"0.61292","-10.12","1.0488","0.051534","-0.38592","-0.0022007","0.009163","-0.000305","0.0048869","-10.74","38.28","-8.94","standing"
"0.57205","-10.12","1.1169","0.011094","-0.3861","0.064046","0.0039706","0.006719499999999999","0.002138","-10.8","38.4","-8.88","standing"
"0.54481","-10.093","1.1032","-0.01526","-0.35897","0.048878","0.0058032","0.013438999999999998","-0.0045815","-10.74","38.34","-9.0","standing"
"0.58567","-10.12","1.1169","0.025042","-0.3864","0.061065","0.0058032","0.010385","-0.0036652","-10.74","38.34","-9.0","standing"
"0.55843","-10.12","1.2258","-0.0020457","-0.38665","0.16762","0.013134","0.007941199999999999","0.0015272","-10.86","38.22","-9.06","standing"
"0.57205","-10.134","1.0896","0.012079","-0.40069","0.027304","0.011912","0.013134","0.0030543","-11.04","38.34","-9.0","standing"
"0.61292","-10.12","1.0759999999999998","0.052765999999999987","-0.38728","0.011905","0.012217","0.012523","-0.000305","-11.04","38.22","-9.06","standing"
"0.55843","-10.106","1.0351","-0.0014699","-0.37381","-0.030474","0.011301","0.008246700000000001","-0.0027489","-11.1","38.28","-8.94","standing"
"0.54481","-10.12","1.0896","-0.014544","-0.38771","0.021196","0.007025","-0.0039706","0.000611","-10.98","38.16","-8.82","standing"
"0.5993","-10.147","1.0896","0.039589","-0.415","0.020904","0.01069","0.0088575","0.0051924","-10.98","38.28","-8.64","standing"
"0.61292","-10.134","1.1441","0.053561","-0.40161","0.073077","0.0042761000000000006","0.016799","-0.0012217","-10.98","38.28","-8.64","standing"
"0.62654","-10.093","1.1169","0.06656000000000001","-0.36092","0.044671","-0.000305","0.015577","-0.0039706","-10.98","38.46","-8.76","standing"
"0.57205","-10.161","1.0896","0.011137","-0.42912","0.016986","0.0097738","0.0042761000000000006","-0.0024435","-11.04","38.7","-8.58","standing"
"0.5993","-10.12","1.0624","0.038128","-0.3884","-0.011402","0.0039706","0.006414100000000001","0.0042761000000000006","-11.04","38.64","-8.58","standing"
"0.61292","-10.134","1.1577","0.051824","-0.40212","0.08302999999999999","0.010079","0.014966","0.0036652","-11.04","38.58","-8.4","standing"
"0.62654","-10.052","1.0759999999999998","0.065801","-0.32079","-0.0024745","0.007941199999999999","0.015882","0.000305","-11.16","38.52","-8.4","standing"
"0.57205","-10.093","1.0624","0.011617","-0.36164","-0.016081","0.0058032","0.018937","-0.000916","-11.04","38.58","-8.4","standing"
"0.57205","-10.134","1.1032","-0.0017239","-0.38901","0.037013","0.014355","0.014966","-0.0036652","-10.8","38.64","-8.4","standing"
"0.57205","-10.12","1.1169","0.011992","-0.38947","0.032892000000000005","0.013438999999999998","0.011606","0.0030543","-10.92","38.76","-8.46","standing"
"0.5993","-10.093","1.185","0.03945","-0.36261","0.097402","0.016188","0.0051924","0.000916","-10.98","38.64","-8.58","standing"
"0.58567","-10.134","1.0896","0.026051","-0.40358","0.000986","0.011912","0.017715","0.0039706","-10.92","38.58","-8.52","standing"
"0.57205","-10.093","1.185","0.013352","-0.36328","0.090895","0.018937","0.015577","-0.0033598","-10.98","38.64","-8.4","standing"
"0.58567","-10.134","1.0896","0.026838","-0.40448","-0.0074402","0.012217","0.000305","0.0045815","-10.92","38.58","-8.4","standing"
"0.61292","-10.147","1.1169","0.053979","-0.41829","0.018242","0.0051924","0.000916","-0.000305","-10.98","38.22","-8.28","standing"
"0.6401600000000001","-10.188","1.1032","0.079963","-0.4593100000000001","0.0038366","0.0058032","0.0058032","-0.0015272","-10.86","38.22","-8.52","standing"
"0.61292","-10.147","1.1169","0.052627","-0.41847","0.017268000000000002","0.0036652","0.0054978","0.0036652","-10.8","38.28","-8.52","standing"
"0.61292","-10.12","1.1305","0.052877","-0.39121","0.030972000000000006","-0.0048869","-0.000916","0.0039706","-10.8","38.34","-8.58","standing"
"0.6401600000000001","-10.079","1.1713","0.081062","-0.35027","0.072017","0.000305","-0.0015272","0.007941199999999999","-10.86","38.16","-8.58","standing"
"0.61292","-10.093","1.1441","0.052753","-0.36389","0.04531","-0.006414100000000001","-0.011606","-0.0015272","-10.98","38.04","-8.58","standing"
"0.57205","-10.12","1.2122","0.011986","-0.39112","0.1135","0.0024435","-0.020159","0.0045815","-11.1","37.98","-8.58","standing"
"0.62654","-10.134","1.1713","0.065099","-0.40486","0.072255","0.0061087","0.000611","0.0036652","-10.92","37.92","-8.4","standing"
"0.55843","-10.12","1.185","-0.0024426","-0.3914","0.084202","0.0015272","0.0085521","0.0048869","-10.92","38.04","-8.34","standing"
"0.5993","-10.106","1.185","0.039092","-0.3778","0.08363","0.0073304","-0.0024435","0.0030543","-11.04","38.16","-8.4","standing"
"0.55843","-10.12","1.1986","-0.0023838","-0.39199","0.092557","0.011606","0.006414100000000001","-0.000916","-10.98","38.04","-8.7","standing"
"0.57205","-10.12","1.185","0.011146","-0.39226","0.076609","0.0073304","0.0054978","0.000305","-11.04","38.04","-8.52","standing"
"0.57205","-10.12","1.1577","0.0113","-0.39235","0.04855","0.010385","0.0045815","-0.0027489","-10.98","38.22","-8.7","standing"
"0.62654","-10.079","1.1441","0.064376","-0.35167","0.034028","0.010079","-0.014661000000000004","-0.0015272","-11.16","38.1","-8.7","standing"
"0.61292","-10.12","1.2258","0.049652","-0.39283","0.11369","0.01069","-0.0061087","-0.007635800000000002","-11.28","38.1","-8.64","standing"
"0.58567","-10.093","1.2258","0.021292","-0.36599","0.11076","0.017715","0.0042761000000000006","-0.0036652","-11.34","38.16","-8.58","standing"
"0.5311899999999999","-10.134","1.2122","-0.032573000000000005","-0.40745","0.091573","0.010996","0.000611","0.0048869","-11.22","38.28","-8.52","standing"
"0.57205","-10.12","1.2258","0.0091279","-0.39399","0.10346","0.01405","-0.0018326","0.0051924","-11.16","38.46","-8.64","standing"
"0.61292","-10.106","1.2258","0.050275","-0.38077","0.099823","0.020159","-0.007941199999999999","0.0042761000000000006","-11.04","38.52","-8.76","standing"
"0.55843","-10.065","1.1577","-0.0025524","-0.34031","0.027428","0.012828","0.0051924","0.0045815","-11.16","38.46","-8.88","standing"
"0.54481","-10.106","1.1713","-0.015223","-0.38136","0.038978","0.007941199999999999","0.008246700000000001","0.000916","-11.04","38.52","-8.82","standing"
"0.54481","-10.093","1.1986","-0.014772","-0.36791","0.064553","0.01741","0.002138","0.0088575","-10.92","38.28","-8.94","standing"
"0.47671","-10.093","1.2531","-0.079442","-0.36848","0.11244","0.023213","0.0088575","0.007635800000000002","-10.98","38.34","-8.88","standing"
"0.57205","-10.052","1.3212","0.017215","-0.32822","0.17483","0.019548","0.0054978","-0.0012217","-10.92","38.4","-8.94","standing"
"0.5993","-10.093","1.2531","0.044532","-0.36962","0.10207","0.020769","0.030238","0.01069","-10.98","38.46","-8.88","standing"
"0.65378","-10.147","1.2122","0.10059","-0.42486","0.054112","0.026573000000000003","0.067195","0.0015272","-10.92","38.46","-9.0","standing"
"0.62654","-10.093","1.1986","0.07307000000000001","-0.37078","0.037207","0.031154","0.099266","-0.01405","-10.8","38.46","-9.12","standing"
"0.61292","-10.093","1.2122","0.05911900000000001","-0.37145","0.11196","-0.002138","0.080023","-0.014966","-10.74","38.52","-9.3","standing"
"0.42223","-10.093","1.2803","-0.1303","-0.37175","0.1104","0.000611","0.063225","-0.012828","-10.8","38.64","-9.3","standing"
"0.54481","-10.065","1.2258","-0.007845399999999999","-0.345","0.051927","0.026573000000000003","-0.025962","0.0012217","-10.86","38.58","-9.24","standing"
"0.6674","-10.093","1.1305","0.11395","-0.37254","-0.045539","0.0281","-0.007941199999999999","0.0018326","-10.98","38.52","-9.18","standing"
"0.70826","-10.12","1.1169","0.15282","-0.40044","-0.063667","0.007941199999999999","0.052534","-0.000611","-11.1","38.4","-9.36","standing"
"0.57205","-10.12","1.2258","0.017241","-0.40063","0.043486","0.0033598","0.03879","-0.012217","-11.1","38.34","-9.54","standing"
"0.57205","-10.12","1.2531","0.015580000000000004","-0.40085","0.069663","0.0012217","-0.011912","-0.007635800000000002","-11.28","38.52","-9.6","standing"
"0.58567","-10.134","1.2122","0.028343","-0.41455","0.028535","0.0097738","-0.032987","-0.000305","-11.4","38.7","-9.6","standing"
"0.57205","-10.161","1.3212","0.015113","-0.44207","0.13505","0.0054978","-0.007941199999999999","0.010385","-11.52","38.52","-9.66","standing"
"0.57205","-10.093","1.1577","0.016066999999999998","-0.37397","-0.028855","0.000305","0.0058032","0.002138","-11.4","38.34","-9.6","standing"
"0.5993","-10.12","1.2122","0.043023","-0.40131","0.024901","0.0048869","-0.013744","0.0045815","-11.46","38.28","-9.42","standing"
"0.57205","-10.12","1.2258","0.016424","-0.40131","0.038294","-0.0045815","-0.02474","0.006719499999999999","-11.4","38.28","-9.3","standing"
"0.58567","-10.093","1.2531","0.029794","-0.37409","0.065451","0.0030543","-0.018326","0.0012217","-11.46","37.98","-9.18","standing"
"0.5993","-10.093","1.3484","0.042953","-0.37432","0.15916","0.0030543","-0.017715","0.0015272","-11.46","37.98","-9.24","standing"
"0.65378","-10.134","1.2258","0.096305","-0.41523","0.036671","0.000305","-0.014966","0.006719499999999999","-11.46","37.98","-9.36","standing"
"0.6401600000000001","-10.12","1.2258","0.08233","-0.40165","0.036549","0.0042761000000000006","-0.012217","-0.000611","-11.46","38.16","-9.42","standing"
"0.61292","-10.12","1.2803","0.05414","-0.40179","0.090314","-0.0051924","-0.0061087","-0.006414100000000001","-11.34","38.1","-9.36","standing"
"0.57205","-10.065","1.3484","0.011597","-0.34743","0.15824000000000002","-0.002138","-0.021686","-0.0054978","-11.34","38.04","-9.42","standing"
"0.5993","-10.079","1.2258","0.038582","-0.36116","0.034842000000000005","0.006719499999999999","-0.023213","0.0051924","-11.4","38.16","-9.42","standing"
"0.61292","-10.093","1.2258","0.052169000000000014","-0.3748","0.034701","0.0024435","-0.0015272","0.0051924","-11.28","38.1","-9.42","standing"
"0.65378","-10.147","1.2122","0.093289","-0.42924","0.021257","0.0012217","-0.006414100000000001","0.0027489","-11.28","38.4","-9.54","standing"
"0.6401600000000001","-10.106","1.2258","0.07877","-0.38851","0.03428","0.0039706","-0.014661000000000004","-0.0027489","-11.28","38.28","-9.54","standing"
"0.6674","-10.12","1.2258","0.10422","-0.40227","0.033967000000000004","0.0018326","-0.0033598","0.0024435","-11.1","38.4","-9.54","standing"
"0.57205","-10.147","1.1986","0.008827400000000001","-0.42935","0.008067399999999999","-0.006414100000000001","0.007635800000000002","-0.0045815","-11.4","38.4","-9.6","standing"
"0.54481","-10.134","1.1986","-0.018555","-0.41557","0.0094585","-0.008246700000000001","0.0012217","-0.006414100000000001","-11.4","38.4","-9.66","standing"
"0.50395","-10.065","1.2395","-0.059951","-0.34728000000000003","0.052115","-0.0030543","-0.012523","-0.0042761000000000006","-11.28","38.34","-9.6","standing"
"0.57205","-10.12","1.1986","0.0071843","-0.40152","0.013692","-0.006414100000000001","-0.0088575","-0.000916","-11.16","38.4","-9.3","standing"
"0.58567","-10.093","1.2258","0.020597","-0.37416","0.042021","-0.0036652","0.0012217","-0.000611","-11.28","38.34","-9.42","standing"
"0.5993","-10.134","1.2122","0.033555","-0.41487","0.029939","-0.0042761000000000006","-0.0024435","-0.0018326","-11.28","38.52","-9.36","standing"
"0.57205","-10.065","1.185","0.006202","-0.34668000000000004","0.0034645","-0.0045815","0.000305","0.0012217","-11.4","38.52","-9.42","standing"
"0.55843","-10.052","1.2531","-0.0069773","-0.33283","0.073249","0.000305","0.0033598","0.0045815","-11.16","38.4","-9.48","standing"
"0.54481","-10.093","1.2667","-0.019476","-0.37363","0.086809","-0.010079","0.0039706","0.0042761000000000006","-11.16","38.4","-9.48","standing"
"0.5993","-10.065","1.2803","0.036009","-0.3463","0.10072","-0.000916","-0.0039706","0.0048869","-11.16","38.1","-9.3","standing"
"0.57205","-10.079","1.2939","0.00934","-0.36005","0.113","-0.000916","0.0051924","0.0033598","-11.28","38.28","-9.24","standing"
"0.54481","-10.025","1.2531","-0.017204","-0.30558","0.071716","-0.0042761000000000006","0.0094684","0.0024435","-11.4","38.28","-9.42","standing"
"0.55843","-10.12","1.2803","-0.0023075","-0.40104","0.097388","0.002138","0.000611","-0.0012217","-11.34","38.4","-9.6","standing"
"0.57205","-10.12","1.2258","0.011057","-0.40111","0.042408","0.0015272","0.014966","-0.0012217","-11.28","38.4","-9.42","standing"
"0.58567","-10.106","1.185","0.02434","-0.38743","0.0022136","-0.012523","0.02138","-0.008246700000000001","-11.4","38.4","-9.48","standing"
"0.5311899999999999","-10.12","1.185","-0.031294","-0.4008","0.0048194","-0.0045815","0.01069","-0.0039706","-11.4","38.34","-9.48","standing"
"0.61292","-10.093","1.185","0.049786","-0.37342","0.006272600000000001","-0.0088575","0.002138","0.000916","-11.1","38.34","-9.42","standing"
"0.61292","-10.079","1.2939","0.048897","-0.35974","0.11618","-0.0097738","0.014661000000000004","-0.0054978","-11.04","38.22","-9.12","standing"
"0.68102","-10.079","1.2803","0.11521","-0.35981","0.10283","-0.0045815","0.024435","-0.0054978","-10.98","38.28","-9.18","standing"
"0.57205","-10.052","1.2258","0.0062588","-0.33258000000000004","0.048272","-0.0018326","0.027184","-0.002138","-11.1","38.1","-9.06","standing"
"0.58567","-10.079","1.185","0.020316","-0.35976","0.007651899999999999","0.0051924","0.016188","0.0039706","-11.16","38.1","-8.94","standing"
"0.57205","-10.093","1.2395","0.0083691","-0.37351","0.060255","-0.0033598","0.012523","0.0045815","-11.04","38.1","-9.18","standing"
"0.57205","-10.106","1.2803","0.0097448","-0.3871","0.10075","0.0015272","0.019853","0.0018326","-10.98","37.98","-9.18","standing"
"0.57205","-10.106","1.2939","0.010134","-0.38722","0.11317","-0.000611","0.007941199999999999","0.0058032","-11.04","37.92","-9.06","standing"
"0.61292","-10.093","1.3076","0.052094000000000015","-0.37381","0.1246","0.0027489","-0.000611","0.0033598","-10.74","37.98","-8.82","standing"
"0.57205","-10.12","1.2667","0.012113","-0.40104","0.083365","-0.000305","0.0054978","0.0088575","-10.74","37.98","-8.94","standing"
"0.5993","-10.079","1.2122","0.040757","-0.36012","0.028684","0.0054978","0.0048869","0.006414100000000001","-10.86","38.04","-9.0","standing"
"0.54481","-10.134","1.1713","-0.012154","-0.41449","-0.011952","0.0015272","0.007025","0.0012217","-10.86","38.04","-9.18","standing"
"0.55843","-10.161","1.2122","0.0023935","-0.44174","0.028355","0.0054978","-0.0027489","-0.000305","-11.04","37.98","-9.12","standing"
"0.58567","-10.161","1.3076","0.029462","-0.44192","0.12233","0.0024435","-0.0027489","-0.002138","-10.98","37.98","-9.24","standing"
"0.61292","-10.093","1.185","0.057023","-0.37366","0.0008710000000000001","-0.010996","-0.0018326","0.000916","-10.86","37.8","-9.18","standing"
"0.6674","-10.093","1.2122","0.11075","-0.3735","0.02977","-0.010996","-0.0030543","0.000916","-10.86","37.86","-9.36","standing"
"0.54481","-10.106","1.185","-0.011569","-0.38683","0.0047743","-0.0051924","-0.010385","-0.0024435","-10.68","37.92","-9.36","standing"
"0.55843","-10.106","1.2531","0.001135","-0.38664","0.074917","-0.01069","-0.013438999999999998","-0.0024435","-10.74","37.98","-9.18","standing"
"0.55843","-10.134","1.2258","0.000901","-0.41378","0.0486","-0.006719499999999999","0.002138","0.000305","-10.74","37.98","-9.24","standing"
"0.54481","-10.12","1.2258","-0.011611","-0.40009","0.048711","-0.002138","0.008246700000000001","0.0042761000000000006","-10.68","38.04","-9.24","standing"
"0.54481","-10.134","1.2531","-0.011309","-0.4137","0.075891","-0.0045815","-0.0039706","-0.0030543","-10.68","37.92","-9.3","standing"
"0.58567","-10.052","1.2395","0.029563","-0.33197","0.06226","-0.0024435","-0.0027489","0.006719499999999999","-10.92","37.98","-9.48","standing"
"0.61292","-10.106","1.1986","0.057251","-0.38637","0.021864","-0.0048869","0.0018326","0.000916","-10.74","37.92","-9.42","standing"
"0.54481","-10.093","1.1169","-0.010649","-0.3726","-0.058654","0.0012217","-0.0024435","0.0033598","-10.8","37.8","-9.36","standing"
"0.57205","-10.079","1.2122","0.017213","-0.35872","0.038504","-0.0042761000000000006","-0.007025","0.0033598","-10.68","37.86","-9.36","standing"
"0.58567","-10.106","1.185","0.030202","-0.38594","0.011715","-0.0039706","-0.0024435","-0.0015272","-10.8","37.86","-9.18","standing"
"0.54481","-10.134","1.185","-0.011077","-0.41301","0.013352","-0.0039706","-0.0024435","-0.0018326","-10.98","37.8","-9.18","standing"
"0.57205","-10.093","1.185","0.015643","-0.37195","0.015238","-0.0094684","0.0012217","-0.0030543","-11.1","38.04","-9.3","standing"
"0.5311899999999999","-10.093","1.185","-0.025429","-0.37175","0.017025","-0.007635800000000002","-0.000305","-0.0030543","-11.22","38.04","-9.42","standing"
"0.55843","-10.052","1.2803","0.0018975","-0.33091","0.11214","-0.007941199999999999","0.0015272","0.0027489","-11.16","38.1","-9.48","standing"
"0.54481","-10.134","1.2122","-0.011366","-0.41248","0.045128","-0.0027489","-0.0036652","-0.0024435","-11.22","38.28","-9.48","standing"
"0.5993","-10.161","1.1305","0.042284","-0.4396100000000001","-0.0353","-0.0088575","0.0033598","-0.000916","-11.28","38.28","-9.54","standing"
"0.55843","-10.106","1.1305","0.0018587","-0.38486","-0.033212","-0.007941199999999999","0.0094684","0.0039706","-11.34","38.16","-9.48","standing"
"0.55843","-10.12","1.1577","0.0020267","-0.3981","-0.0028657","-0.011301","0.018326","-0.0061087","-11.1","38.16","-9.24","standing"
"0.54481","-10.093","1.1577","-0.011315","-0.37068","-0.001513","-0.008246700000000001","0.017715","0.0015272","-11.1","38.22","-9.36","standing"
"0.5311899999999999","-10.12","1.2395","-0.024066","-0.39777","0.081053","-0.011912","0.010996","-0.0024435","-11.1","38.22","-9.36","standing"
"0.58567","-10.093","1.1713","0.030563","-0.37027","0.015017","-0.006414100000000001","-0.0042761000000000006","-0.000305","-11.04","38.1","-9.24","standing"
"0.61292","-10.052","1.2667","0.05691","-0.32951","0.10996","-0.0039706","0.0054978","-0.0015272","-11.04","38.04","-9.42","standing"
"0.57205","-10.106","1.3893","0.016842","-0.38411","0.23115","-0.014661000000000004","0.016493","-0.0048869","-11.1","38.1","-9.36","standing"
"0.54481","-10.134","1.2258","-0.0099377","-0.41102","0.070285","-0.0039706","0.011301","-0.000916","-11.04","38.04","-9.18","standing"
"0.50395","-10.134","1.2531","-0.050301","-0.41094","0.097946","-0.012828","0.0088575","-0.002138","-11.04","38.04","-9.12","standing"
"0.57205","-10.174","1.1577","0.017726","-0.45148","0.005393600000000001","-0.0073304","0.000305","0.0027489","-11.1","37.92","-8.94","standing"
"0.61292","-10.093","1.1577","0.057878","-0.36949","0.0079457","-0.006719499999999999","0.018326","-0.0030543","-11.16","37.8","-9.18","standing"
"0.57205","-10.106","1.2803","0.016932","-0.38306","0.13099","-0.015272","0.029016000000000007","-0.000305","-11.04","37.92","-9.18","standing"
"0.54481","-10.12","1.2122","-0.0097071","-0.39654","0.063853","-0.011606","0.021991","-0.0045815","-11.04","37.86","-9.18","standing"
"0.55843","-10.093","1.2258","0.0049765","-0.36899","0.079555","-0.008246700000000001","0.0085521","0.0018326","-11.1","37.92","-9.36","standing"
"0.61292","-10.106","1.2395","0.05950800000000001","-0.38253","0.093832","-0.01405","0.019242","-0.000916","-11.1","37.98","-9.24","standing"
"0.57205","-10.12","1.2122","0.018757","-0.39604","0.067453","-0.013134","0.016799","0.000611","-11.04","38.1","-9.24","standing"
"0.61292","-10.093","1.2258","0.059487","-0.36842","0.08437599999999999","-0.006719499999999999","0.011606","-0.000611","-11.16","38.1","-9.3","standing"
"0.57205","-10.106","1.1441","0.018756","-0.3819","0.0037707","-0.008246700000000001","0.000611","0.0058032","-11.1","38.16","-9.24","standing"
"0.58567","-10.12","1.185","0.0058761","-0.3954","0.14069","-0.014355","0.014355","0.000916","-10.98","38.1","-9.36","standing"
"0.5993","-10.12","1.1986","0.045803","-0.39503","0.062542","-0.015577","0.010385","-0.007635800000000002","-10.8","38.22","-9.42","standing"
"0.55843","-10.106","1.2531","0.0040991000000000005","-0.38139","0.11766","-0.007025","-0.000611","-0.0045815","-10.68","38.34","-9.42","standing"
"0.54481","-10.093","1.185","-0.0093029","-0.36774","0.049677","-0.0018326","0.0051924","-0.000611","-10.74","38.46","-9.48","standing"
"0.54481","-10.093","1.2258","-0.0086368","-0.36766","0.090863","-0.0088575","-0.0027489","-0.002138","-10.8","38.4","-9.3","standing"
"0.55843","-10.093","1.185","0.0049417","-0.3674","0.052274","-0.0027489","-0.002138","0.0048869","-10.8","38.46","-9.18","standing"
"0.55843","-10.093","1.185","0.0049417","-0.3674","0.052274","-0.0036652","0.0061087","-0.000305","-10.8","38.46","-9.18","standing"
"0.51757","-10.174","1.185","-0.034741","-0.44891","0.053505","-0.011912","0.002138","-0.0027489","-10.8","38.4","-9.18","standing"
"0.62654","-10.161","1.1986","0.07306499999999999","-0.43493","0.070781","-0.012828","-0.010996","-0.0024435","-10.92","38.58","-9.24","standing"
"0.57205","-10.161","1.1577","0.018305","-0.43484","0.030812","-0.010079","0.006719499999999999","-0.0039706","-11.16","38.46","-9.18","standing"
"0.55843","-10.161","1.1305","0.0044083","-0.4346","0.0058103","-0.012523","0.0048869","-0.0024435","-11.1","38.4","-9.12","standing"
"0.5311899999999999","-10.106","1.1441","-0.023253","-0.37977","0.022716","-0.0048869","-0.0048869","0.0018326","-11.16","38.34","-9.06","standing"
"0.57205","-10.065","1.1713","0.017619","-0.33885","0.050412","-0.0042761000000000006","0.0012217","0.0030543","-11.22","38.28","-9.12","standing"
"0.54481","-10.12","1.1713","-0.0087976","-0.39324","0.050843","-0.0054978","0.015272","-0.000305","-11.34","38.4","-9.18","standing"
"0.55843","-10.093","1.1441","0.0058015","-0.36571","0.025593","-0.0030543","0.000611","0.002138","-11.4","38.16","-9.18","standing"
"0.62654","-10.106","1.0759999999999998","0.073642","-0.37925","-0.041656","-0.0015272","-0.0094684","0.0036652","-11.28","38.22","-9.18","standing"
"0.61292","-10.12","1.1032","0.059915","-0.39281","-0.013857","-0.0018326","0.0033598","0.0036652","-11.28","38.16","-9.18","standing"
"0.51757","-10.106","1.1032","-0.035039999999999995","-0.37881","-0.010745","-0.010996","0.012828","-0.006414100000000001","-11.34","38.16","-9.36","standing"
"0.55843","-10.052","1.1577","0.0056878","-0.3242","0.044947","-0.008246700000000001","-0.0024435","0.000611","-11.28","38.04","-9.42","standing"
"0.57205","-10.106","1.1441","0.019214","-0.37863","0.031823000000000004","-0.0088575","-0.0054978","-0.0030543","-11.4","38.04","-9.36","standing"
"0.61292","-10.093","1.185","0.059733","-0.36478","0.074813","-0.0051924","-0.000916","0.0039706","-11.22","37.8","-9.3","standing"
"0.58567","-10.093","1.1713","0.033103","-0.36473","0.061371","-0.000916","0.0051924","0.002138","-11.04","37.98","-9.3","standing"
"0.61292","-10.093","1.1305","0.060161","-0.36469","0.02091","0.000916","0.0042761000000000006","-0.000611","-11.04","38.04","-9.24","standing"
"0.47671","-10.079","1.1305","-0.074619","-0.35100000000000003","0.020885","-0.0015272","0.0036652","-0.000916","-10.98","38.16","-9.36","standing"
"0.50395","-10.134","1.2939","-0.046819","-0.40556","0.18327","-0.0039706","0.012217","0.0015272","-11.04","38.22","-9.36","standing"
"0.58567","-10.12","1.1713","0.034628","-0.40551","0.020447","-0.0024435","0.0012217","-0.0033598","-10.98","38.22","-9.36","standing"
"0.62654","-10.093","1.1169","0.073755","-0.36465","0.0077288","-0.0015272","-0.007025","-0.002138","-11.04","38.16","-9.18","standing"
"0.61292","-10.12","1.0488","0.059776","-0.39179","-0.059391999999999986","-0.000916","-0.0027489","0.0024435","-11.16","38.1","-9.12","standing"
"0.55843","-10.12","1.1441","0.0057647","-0.39172","0.036389","-0.007635800000000002","0.013438999999999998","0.000916","-11.22","38.04","-9.12","standing"
"0.51757","-10.161","1.1441","-0.033527999999999995","-0.43233","0.037777","-0.0058032","0.012217","0.000611","-11.04","38.04","-9.06","standing"
"0.50395","-10.161","1.2395","-0.045981","-0.43231","0.13269","-0.0024435","0.0030543","0.0030543","-11.04","38.04","-9.06","standing"
"0.55843","-10.12","1.1441","0.0094539","-0.39135","0.037764","-0.0042761000000000006","0.0024435","0.0048869","-11.16","38.1","-9.06","standing"
"0.57205","-10.106","1.1713","0.023315","-0.37767","0.065453","-0.007025","0.009163","-0.000611","-11.4","38.16","-9.06","standing"
"0.55843","-10.106","1.1169","0.0098256","-0.37759","0.011594","-0.0024435","0.009163","0.0045815","-11.46","38.04","-9.06","standing"
"0.55843","-10.147","1.0759999999999998","0.010574","-0.41817","-0.027214","0.000611","0.0088575","0.0045815","-11.52","38.04","-9.06","standing"
"0.61292","-10.093","1.185","0.06493600000000001","-0.36368","0.081945","-0.0054978","0.011606","0.0042761000000000006","-11.4","37.98","-8.94","standing"
"0.65378","-10.093","1.1441","0.10595999999999997","-0.36357","0.041912","-0.006414100000000001","0.0085521","0.0073304","-11.28","37.98","-8.88","standing"
"0.57205","-10.12","1.1986","0.024738","-0.39079","0.096387","-0.0033598","0.007941199999999999","0.0033598","-11.34","37.98","-8.88","standing"
"0.55843","-10.093","1.1032","0.012157","-0.36332","0.0025717","-0.0036652","0.0094684","-0.002138","-11.4","38.16","-8.88","standing"
"0.58567","-10.161","1.185","0.038769","-0.4315100000000001","0.083757","0.0027489","0.0033598","0.0058032","-11.46","38.28","-8.88","standing"
"0.55843","-10.12","1.1032","0.012441","-0.39057","0.0022753","-0.0042761000000000006","0.013744","0.0039706","-11.28","38.22","-8.7","standing"
"0.61292","-10.161","1.0896","0.067414","-0.43121","-0.0096375","0.000305","-0.0036652","-0.0036652","-11.28","38.16","-8.76","standing"
"0.5993","-10.134","1.1577","0.053016","-0.40404","0.058238","-0.0036652","0.0036652","-0.000305","-11.28","38.1","-8.88","standing"
"0.55843","-10.106","1.2258","0.012111","-0.37686","0.12589","-0.006719499999999999","0.0030543","-0.000916","-11.04","38.1","-9.0","standing"
"0.54481","-10.12","1.0896","-0.000378","-0.39024","-0.008778200000000002","-0.0030543","0.0033598","0.0024435","-10.86","38.34","-8.88","standing"
"0.5311899999999999","-10.134","1.1577","-0.013131","-0.40381","0.059373","-0.0073304","0.0027489","0.0094684","-10.8","38.34","-8.82","standing"
"0.57205","-10.147","1.1032","0.02851","-0.41726","0.005947399999999999","-0.007635800000000002","0.007025","0.0033598","-10.8","38.28","-8.94","standing"
"0.58567","-10.106","1.1713","0.042326","-0.37631","0.07475599999999999","0.0015272","0.0024435","-0.0027489","-11.04","38.34","-9.06","standing"
"0.55843","-10.134","1.1305","0.014399","-0.40355","0.034262","-0.011301","0.007635800000000002","-0.0024435","-11.04","38.28","-9.06","standing"
"0.57205","-10.161","1.1713","0.0279","-0.43064","0.076515","-0.0027489","0.007941199999999999","-0.0012217","-10.92","38.28","-8.94","standing"
"0.58567","-10.147","1.1305","0.040751","-0.4170100000000001","0.036097","0.0012217","0.0036652","-0.0036652","-10.98","38.28","-8.94","standing"
"0.58567","-10.106","1.1032","0.040179","-0.37616","0.009034899999999998","-0.0030543","-0.0018326","0.0048869","-10.92","38.16","-8.94","standing"
"0.54481","-10.106","1.1713","-0.000116","-0.37611","0.07738099999999999","-0.0045815","0.011606","-0.0036652","-11.22","38.34","-9.06","standing"
"0.5311899999999999","-10.12","1.1169","-0.013301","-0.38963","0.023568","-0.0039706","0.018631","0.0024435","-11.22","38.34","-9.12","standing"
"0.54481","-10.093","1.1713","0.000916","-0.36238","0.077811","-0.0015272","0.000611","-0.000916","-11.28","38.46","-8.94","standing"
"0.55843","-10.134","1.0215","0.0156","-0.40299","-0.07033400000000001","0.0073304","0.0048869","0.006414100000000001","-11.22","38.28","-8.94","standing"
"0.57205","-10.079","1.1169","0.029398","-0.34848","0.025177","-0.006719499999999999","0.017715","-0.000305","-11.22","38.28","-8.88","standing"
"0.57205","-10.12","1.1169","0.02953","-0.38918","0.026548","-0.011301","0.020464","-0.0030543","-11.28","38.22","-8.88","standing"
"0.55843","-10.12","1.1577","0.015642","-0.38887","0.070312","-0.007941199999999999","-0.0054978","-0.0015272","-11.22","38.22","-9.06","standing"
"0.57205","-10.093","1.2667","0.028958","-0.3617","0.17884","-0.0036652","-0.0061087","-0.002138","-11.16","38.28","-8.94","standing"
"0.55843","-10.12","1.185","0.015115","-0.38899","0.096792","-0.0045815","0.0073304","-0.0048869","-11.04","38.28","-9.06","standing"
"0.5993","-10.147","1.1032","0.05391","-0.41626","0.015795","-0.007025","0.011301","-0.007025","-10.92","38.22","-9.24","standing"
"0.55843","-10.12","1.0896","0.012133","-0.38893","0.0034453","-0.0015272","0.002138","-0.0045815","-10.8","38.22","-9.18","standing"
"0.58567","-10.106","1.1986","0.038091","-0.37547","0.11161","-0.006414100000000001","0.000916","-0.007025","-10.8","38.22","-9.18","standing"
"0.54481","-10.106","1.2395","-0.0031587","-0.37558","0.15170999999999998","-0.002138","0.02138","-0.0061087","-10.86","38.22","-9.24","standing"
"0.50395","-10.12","1.1577","-0.044058","-0.38932","0.06888999999999999","-0.000611","0.022602","-0.0094684","-10.8","38.28","-9.12","standing"
"0.54481","-10.147","1.1986","-0.0042245","-0.41664","0.10961","0.0024435","0.010079","-0.000916","-10.68","38.22","-9.06","standing"
"0.57205","-10.12","1.1169","0.022979","-0.38942","0.027707","0.000305","0.0094684","-0.0058032","-10.62","38.16","-9.12","standing"
"0.57205","-10.106","1.1032","0.021671","-0.37588","0.014021","-0.0048869","0.029016000000000007","-0.0061087","-10.62","38.28","-9.12","standing"
"0.57205","-10.134","1.0896","0.020491","-0.403","0.0020839","-0.0030543","0.023518","-0.011912","-10.5","38.34","-9.24","standing"
"0.61292","-10.12","1.1441","0.059493","-0.38942","0.057148","-0.0042761000000000006","0.0097738","-0.0051924","-10.5","38.46","-9.3","standing"
"0.61292","-10.12","1.1441","0.058154","-0.3894","0.057969000000000014","-0.011301","0.01069","-0.0073304","-10.26","38.4","-9.18","standing"
"0.61292","-10.079","1.1986","0.055499","-0.34859","0.11337","-0.008246700000000001","0.0088575","-0.0088575","-10.44","38.46","-8.94","standing"
"0.57205","-10.093","1.2258","0.013991","-0.36244","0.13890999999999998","0.0030543","0.010996","-0.009163","-10.38","38.46","-8.88","standing"
"0.50395","-10.134","1.1441","-0.054408000000000005","-0.40336","0.056794","-0.0088575","0.015577","-0.007635800000000002","-10.44","38.46","-8.94","standing"
"0.51757","-10.106","1.1441","-0.040896","-0.37595","0.058378","0.0018326","-0.0012217","-0.0033598","-10.5","38.58","-9.0","standing"
"0.54481","-10.12","1.1577","-0.013921","-0.38969","0.07109","0.0030543","-0.006414100000000001","-0.0024435","-10.5","38.52","-8.76","standing"
"0.57205","-10.12","1.1305","0.01296","-0.38979","0.043127","0.000916","0.0024435","-0.0015272","-10.44","38.52","-8.64","standing"
"0.57205","-10.12","1.0759999999999998","0.012589","-0.38976","-0.010947","-0.0039706","0.0073304","-0.0042761000000000006","-10.44","38.46","-8.7","standing"
"0.57205","-10.106","1.1032","0.012545","-0.37605","0.017192","-0.006719499999999999","0.006414100000000001","-0.0024435","-10.56","38.52","-8.7","standing"
"0.57205","-10.147","1.0896","0.012116","-0.41676","0.0051124","-0.007025","0.010996","-0.0036652","-10.62","38.46","-8.7","standing"
"0.57205","-10.12","1.1169","0.011963","-0.38943","0.033234","-0.0024435","-0.0030543","0.0039706","-10.8","38.46","-8.52","standing"
"0.5993","-10.106","1.1305","0.039289","-0.37589","0.04604","0.0012217","-0.0030543","0.0030543","-10.74","38.4","-8.4","standing"
"0.61292","-10.093","1.0896","0.05274","-0.36229","0.0050948","0.0015272","-0.000611","-0.0015272","-10.86","38.34","-8.4","standing"
"0.57205","-10.161","0.98067","0.011508","-0.43019","-0.10187","-0.0048869","-0.0045815","0.0042761000000000006","-10.92","38.28","-8.52","standing"
"0.61292","-10.202","1.1305","0.051492","-0.4711","0.047964","0.002138","-0.0015272","-0.0036652","-11.04","38.22","-8.46","standing"
"0.57205","-10.243","1.1441","0.010919","-0.51198","0.061283","-0.0027489","-0.0030543","-0.008246700000000001","-11.04","38.34","-8.28","standing"
"0.61292","-10.106","1.1032","0.049864","-0.3759","0.020341","0.000611","-0.0015272","0.0018326","-11.1","38.28","-8.4","standing"
"0.5993","-10.093","1.0896","0.036333","-0.36227","0.006715100000000001","0.0048869","-0.0024435","-0.000916","-11.16","38.4","-8.4","standing"
"0.57205","-10.174","1.1577","0.0088161","-0.44413","0.073727","-0.0012217","0.0015272","-0.0027489","-11.16","38.28","-8.46","standing"
"0.58567","-10.106","1.1986","0.021313","-0.37626","0.11314","0.007941199999999999","-0.0088575","0.0048869","-11.22","38.34","-8.76","standing"
"0.5993","-10.12","1.1169","0.035274","-0.39001","0.030035000000000006","0.010079","-0.011912","0.0036652","-11.22","38.22","-8.58","standing"
"0.61292","-10.093","1.0896","0.048735","-0.36284","0.0022967","0.0018326","0.008246700000000001","0.0051924","-11.04","38.16","-8.58","standing"
"0.61292","-10.106","1.0896","0.050275","-0.37647","0.001351","0.0027489","0.0042761000000000006","0.0045815","-10.98","38.28","-8.76","standing"
"0.65378","-10.147","1.1032","0.090678","-0.41742","0.014461000000000003","0.0036652","-0.0061087","0.000611","-10.98","38.22","-8.76","standing"
"0.58567","-10.161","1.185","0.022375","-0.43118","0.095035","0.000916","0.0012217","-0.0048869","-10.92","38.46","-8.7","standing"
"0.54481","-10.106","1.1169","-0.017908","-0.37677","0.02604","0.0012217","0.012523","0.0018326","-10.74","38.58","-8.94","standing"
"0.5311899999999999","-10.079","1.1577","-0.029405","-0.34953","0.065778","0.0027489","0.007635800000000002","0.0051924","-10.44","38.34","-9.18","standing"
"0.57205","-10.079","1.185","0.011953","-0.34965","0.091631","-0.0018326","-0.0033598","0.0048869","-10.32","38.22","-9.3","standing"
"0.5993","-10.093","1.0759999999999998","0.038992","-0.36344","-0.018678","0.0039706","-0.000916","0.0015272","-10.32","38.16","-9.66","standing"
"0.6401600000000001","-10.093","1.1577","0.079261","-0.36357","0.062180999999999986","0.000916","0.007025","-0.000305","-10.38","38.16","-9.42","standing"
"0.62654","-10.161","1.1713","0.064841","-0.43187","0.07448099999999999","0.0045815","0.006414100000000001","-0.0018326","-10.44","38.4","-9.6","standing"
"0.58567","-10.12","1.185","0.023706","-0.39112","0.08719400000000001","0.0018326","-0.002138","0.0024435","-10.44","38.4","-9.42","standing"
"0.57205","-10.093","1.1441","0.010326","-0.36401","0.045107","0.0015272","0.014661000000000004","0.002138","-10.56","38.52","-9.66","standing"
"0.55843","-10.093","1.1577","-0.0022888","-0.36406","0.057723","0.0054978","0.007941199999999999","-0.000916","-10.74","38.46","-9.72","standing"
"0.51757","-10.106","1.1169","-0.041113","-0.37776","0.015169","0.0030543","0.0027489","0.0085521","-10.86","38.46","-9.66","standing"
"0.58567","-10.12","1.1169","0.02747","-0.3914","0.014737","0.0024435","0.0058032","0.000305","-11.04","38.58","-9.6","standing"
"0.57205","-10.12","1.0624","0.013956","-0.39134","-0.039281","-0.0015272","0.012828","-0.0030543","-11.22","38.7","-9.72","standing"
"0.57205","-10.134","1.0896","0.0005740000000000001","-0.39117","-0.078739","-0.002138","0.013438999999999998","-0.0015272","-11.16","38.82","-9.72","standing"
"0.57205","-10.106","1.185","0.01514","-0.37752","0.084435","0.0036652","0.0051924","-0.0012217","-11.1","38.94","-9.3","standing"
"0.55843","-10.147","1.1305","0.0018808","-0.41843","0.029404000000000007","-0.000305","0.0045815","0.002138","-11.1","39.0","-9.24","standing"
"0.57205","-10.079","0.98067","0.015731000000000002","-0.35013","-0.11877","-0.0048869","0.010385","0.000916","-11.1","38.94","-9.12","standing"
"0.57205","-10.134","1.1169","0.016665","-0.40445","0.018329","-0.0027489","0.012217","0.0015272","-11.16","38.7","-9.24","standing"
"0.55843","-10.147","1.1441","0.0030280000000000003","-0.41807","0.045596","0.000305","0.010385","-0.0033598","-11.1","38.58","-9.24","standing"
"0.57205","-10.134","1.2395","0.016773","-0.39086","0.05889700000000001","-0.0027489","0.008246700000000001","0.0030543","-11.04","38.58","-9.18","standing"
"0.57205","-10.147","1.1713","0.018265","-0.41814","0.071414","-0.0015272","0.011606","0.0030543","-11.04","38.52","-9.3","standing"
"0.55843","-10.106","1.1986","0.0056022","-0.37726","0.098348","-0.0012217","0.011606","-0.0012217","-11.1","38.4","-9.06","standing"
"0.5993","-10.106","1.1713","0.046158","-0.37731","0.070772","-0.0045815","0.01069","-0.0036652","-11.1","38.34","-9.06","standing"
"0.57205","-10.134","1.0896","0.018175","-0.40454","-0.010441","0.0042761000000000006","0.007635800000000002","0.0054978","-11.16","38.16","-8.82","standing"
"0.61292","-10.12","1.2258","0.059787","-0.39107","0.12403","-0.0036652","0.01069","0.0012217","-11.16","38.1","-8.58","standing"
"0.57205","-10.147","1.0624","0.019058","-0.41816","-0.038141","0.000611","0.0051924","0.002138","-11.16","38.1","-8.58","standing"
"0.61292","-10.093","1.0624","0.059587","-0.3636","-0.037273","0.002138","0.0051924","0.000611","-11.28","37.92","-8.58","standing"
"0.5993","-10.093","1.1441","0.045596","-0.36358","0.044811","-0.006719499999999999","0.0030543","-0.0061087","-11.22","37.92","-8.64","standing"
"0.57205","-10.093","1.1305","0.016955","-0.36352","0.03247","-0.000305","0.0051924","0.000305","-11.28","37.86","-8.64","standing"
"0.58567","-10.161","1.185","0.030459","-0.43177","0.085635","0.0012217","-0.0085521","0.0024435","-11.4","37.92","-8.52","standing"
"0.57205","-10.161","1.2258","0.017169","-0.43187","0.12548","-0.000611","-0.0027489","0.0024435","-11.22","37.86","-8.52","standing"
"0.58567","-10.134","1.1577","0.031351","-0.4046","0.05736","0.0012217","0.010996","0.0036652","-11.22","37.98","-8.58","standing"
"0.50395","-10.12","1.185","-0.048879","-0.39102","0.083441","-0.0042761000000000006","0.0012217","0.0018326","-11.28","37.8","-8.22","standing"
"0.54481","-10.12","1.185","-0.0075084","-0.39102","0.083243","-0.0073304","-0.0012217","0.0027489","-11.28","37.86","-8.4","standing"
"0.57205","-10.079","1.185","0.020137","-0.35007","0.083844","-0.0073304","0.000611","-0.000305","-11.28","37.92","-8.46","standing"
"0.61292","-10.106","1.1169","0.060201","-0.37722","0.016923","-0.0058032","0.008246700000000001","0.0015272","-11.34","37.92","-8.7","standing"
"0.5311899999999999","-10.12","1.185","-0.021355","-0.39086","0.084754","-0.0085521","-0.0061087","-0.0039706","-11.22","37.98","-8.7","standing"
"0.55843","-10.12","1.2531","0.0056104","-0.39093","0.15238","-0.0039706","-0.007941199999999999","-0.000611","-11.1","37.86","-8.76","standing"
"0.57205","-10.12","1.2122","0.018893","-0.39103","0.1108","-0.0054978","0.011912","-0.000305","-11.1","37.86","-8.94","standing"
"0.61292","-10.12","1.1169","0.058469000000000014","-0.39087","0.017526","-0.000611","0.0042761000000000006","-0.000611","-11.04","37.98","-9.18","standing"
"0.61292","-10.106","1.0896","0.05777300000000001","-0.37731","-0.0099554","0.0073304","-0.0024435","-0.0024435","-10.98","37.92","-9.18","standing"
"0.61292","-10.161","1.2258","0.056669","-0.4320600000000001","0.12444","-0.008246700000000001","0.0061087","-0.000611","-10.98","37.92","-9.12","standing"
"0.42223","-10.147","1.1713","-0.13247","-0.41825","0.070892","-0.0036652","0.006719499999999999","-0.0054978","-10.98","37.92","-9.06","standing"
"0.55843","-10.161","1.1305","0.0033159","-0.43184","0.030514","-0.000611","-0.0018326","-0.0015272","-10.92","37.92","-8.88","standing"
"0.54481","-10.134","1.0896","-0.010085","-0.40451","-0.0096836","-0.011301","0.0024435","-0.0012217","-10.98","38.1","-9.06","standing"
"0.58567","-10.093","1.1169","0.030175","-0.36342","0.019861","-0.0024435","0.006414100000000001","0.0027489","-10.98","38.1","-9.0","standing"
"0.54481","-10.12","1.1441","-0.010094","-0.39062","0.047189","-0.0015272","0.006719499999999999","-0.000916","-10.86","38.04","-8.94","standing"
"0.57205","-10.147","1.1577","0.017175","-0.41779","0.061423","-0.0085521","0.0058032","0.0039706","-10.86","38.04","-8.88","standing"
"0.58567","-10.093","1.1577","0.031507","-0.36319","0.062129","0.000611","0.0012217","0.0030543","-10.86","38.16","-8.88","standing"
"0.58567","-10.093","1.1577","0.031507","-0.36319","0.062129","-0.0045815","0.011912","0.006414100000000001","-10.86","38.16","-8.88","standing"
"0.58567","-10.093","1.1169","0.032466","-0.36305","0.022023","-0.0036652","0.0088575","0.0012217","-11.04","38.22","-8.64","standing"
"0.5993","-10.093","1.1169","0.046062","-0.36296","0.022808","-0.0015272","-0.0018326","-0.000305","-11.04","38.16","-8.46","standing"
"0.57205","-10.12","1.1577","0.032083999999999994","-0.39028","0.10405","-0.007635800000000002","0.000916","0.000305","-11.04","38.4","-8.64","standing"
"0.5311899999999999","-10.106","1.1305","-0.021141","-0.37647","0.036971","-0.0061087","0.013134","0.0024435","-10.98","38.4","-8.64","standing"
"0.54481","-10.134","1.1169","-0.0071433999999999985","-0.40355","0.024561000000000003","-0.006719499999999999","0.0033598","0.000305","-10.98","38.52","-8.76","standing"
"0.54481","-10.12","1.0488","-0.0067985","-0.38975","-0.042053","-0.0018326","-0.000916","-0.0012217","-10.8","38.58","-8.76","standing"
"0.57205","-10.106","1.1577","0.020036","-0.37609","0.067465","-0.007025","0.013134","-0.0015272","-10.8","38.4","-8.7","standing"
"0.62654","-10.12","1.0759999999999998","0.073805","-0.38957","-0.012682","-0.0051924","0.011606","-0.0024435","-10.74","38.4","-8.7","standing"
"0.61292","-10.12","1.0351","0.059284","-0.38951","-0.052517","-0.0015272","0.0024435","-0.000916","-10.74","38.52","-8.7","standing"
"0.5311899999999999","-10.161","1.1441","-0.022375","-0.43029","0.05709","-0.0058032","0.0015272","-0.0015272","-10.8","38.52","-8.76","standing"
"0.57205","-10.106","1.1441","0.018919","-0.37573","0.057633","-0.0061087","0.0061087","0.0030543","-10.8","38.52","-8.7","standing"
"0.58567","-10.147","1.2258","0.03347","-0.41656","0.13912","-0.0030543","0.007635800000000002","0.0054978","-10.8","38.58","-8.64","standing"
"0.58567","-10.134","1.1305","0.034476","-0.40285","0.044084","-0.009163","0.012217","-0.0030543","-10.74","38.52","-8.82","standing"
"0.61292","-10.12","1.1577","0.061854","-0.38909","0.072506","-0.012217","0.007941199999999999","0.0024435","-10.74","38.46","-8.82","standing"
"0.57205","-10.106","1.1441","0.021293","-0.37538","0.059566","-0.007635800000000002","0.0012217","0.0030543","-10.56","38.28","-8.76","standing"
"0.61292","-10.079","1.1305","0.061939","-0.34793","0.047932","-0.002138","0.008246700000000001","-0.0027489","-10.56","38.34","-8.82","standing"
"0.57205","-10.065","1.1169","0.020527","-0.33429000000000003","0.034779000000000004","-0.010996","0.0097738","-0.007941199999999999","-10.62","38.4","-8.7","standing"
"0.57205","-10.093","1.1169","0.019472","-0.36144","0.036118","-0.007941199999999999","0.010385","-0.0018326","-10.68","38.34","-8.7","standing"
"0.57205","-10.12","1.185","0.019501","-0.38859","0.10498","-0.0054978","-0.0018326","0.002138","-10.62","38.4","-8.7","standing"
"0.6401600000000001","-10.12","1.1441","0.086993","-0.38861","0.06431100000000001","-0.0097738","0.0042761000000000006","0.000916","-10.8","38.28","-8.82","standing"
"0.58567","-10.093","1.0896","0.032527","-0.36116","0.01165","-0.0097738","0.016188","0.0036652","-10.74","38.22","-8.76","standing"
"0.5311899999999999","-10.134","1.1169","0.019448","-0.42902","0.013594","-0.009163","0.010996","-0.0061087","-10.68","38.4","-8.7","standing"
"0.58567","-10.12","1.1305","0.032122000000000005","-0.38803","0.056063","-0.002138","-0.0030543","0.002138","-10.62","38.46","-8.88","standing"
"0.55843","-10.093","1.0759999999999998","0.0051688","-0.36065","0.0027399","-0.011301","0.0027489","0.000916","-10.62","38.28","-8.82","standing"
"0.58567","-10.12","1.0896","0.032356","-0.38776","0.017587000000000002","-0.017103999999999998","0.0058032","0.002138","-10.56","38.46","-8.82","standing"
"0.5993","-10.106","1.1305","0.046764","-0.37366","0.062336","-0.014355","0.0030543","0.000305","-10.8","38.58","-8.82","standing"
"0.57205","-10.079","1.1577","0.019681","-0.34641","0.089668","-0.010996","0.0045815","0.0024435","-10.92","38.58","-8.76","standing"
"0.54481","-10.12","1.1169","-0.0066001","-0.38703","0.050473","-0.015272","0.012828","0.000305","-10.98","38.52","-8.58","standing"
"0.58567","-10.134","1.1032","0.03404","-0.40026","0.040522","-0.011301","0.015272","0.0030543","-10.92","38.28","-8.64","standing"
"0.51757","-10.12","1.1441","-0.032953","-0.38641","0.08296","-0.013134","-0.011606","0.0039706","-11.04","38.28","-8.52","standing"
"0.57205","-10.12","1.0624","0.021405","-0.38629","0.0023905000000000003","-0.006414100000000001","-0.0036652","-0.0036652","-11.04","38.34","-8.52","standing"
"0.57205","-10.093","1.0896","0.021042","-0.3588","0.032097","-0.013438999999999998","0.022297","-0.0051924","-10.98","38.28","-8.4","standing"
"0.54481","-10.12","1.0896","-0.0065244","-0.38586","0.033963","-0.0085521","0.018021","-0.0054978","-11.04","38.28","-8.4","standing"
"0.61292","-10.161","1.0488","0.06089","-0.42661","-0.005592100000000001","-0.000305","0.000916","0.0061087","-10.98","38.16","-8.52","standing"
"0.6674","-10.161","0.99429","0.1161","-0.42624","-0.057041","-0.009163","0.0073304","0.0058032","-10.74","38.22","-8.28","standing"
"0.6946399999999999","-10.12","1.0488","0.14244","-0.38523","-0.000664","-0.007025","0.0094684","-0.0048869","-10.74","38.28","-8.34","standing"
"0.61292","-10.12","1.0896","0.059873","-0.38522","0.040724","-0.011301","0.0094684","-0.0042761000000000006","-10.8","38.28","-8.4","standing"
"0.57205","-10.106","1.1169","0.018455000000000003","-0.37142","0.069923","-0.012217","0.010996","-0.0045815","-10.62","38.22","-8.4","standing"
"0.55843","-10.134","1.0896","0.0045381","-0.39852","0.044178","-0.010385","0.0051924","0.0024435","-10.62","38.22","-8.34","standing"
"0.57205","-10.12","1.0215","0.01828","-0.38468","-0.021996","-0.0085521","0.012217","-0.0018326","-10.62","38.28","-8.4","standing"
"0.6401600000000001","-10.161","1.0079","0.085578","-0.42534","-0.03329","-0.007941199999999999","0.0027489","0.000305","-10.68","38.4","-8.4","standing"
"0.5993","-10.147","1.0896","0.044117","-0.41152","0.05062","-0.0042761000000000006","0.007025","0.000916","-10.74","38.34","-8.52","standing"
"0.54481","-10.12","1.1169","-0.009888","-0.38418","0.078516","-0.011301","0.013744","-0.000305","-10.8","38.4","-8.58","standing"
"0.5311899999999999","-10.12","1.0896","-0.02335","-0.384","0.052917999999999986","-0.011301","0.009163","-0.0051924","-10.8","38.46","-8.64","standing"
"0.57205","-10.106","1.0624","0.016922","-0.37019","0.027821","-0.010079","-0.0048869","0.000611","-10.86","38.52","-8.76","standing"
"0.58567","-10.12","1.0896","0.03021","-0.38374","0.05585","-0.0061087","-0.0024435","0.0024435","-10.8","38.46","-8.58","standing"
"0.61292","-10.106","1.0215","0.05718","-0.37002","-0.011172","-0.012828","0.0051924","0.0018326","-10.86","38.46","-8.64","standing"
"0.54481","-10.093","1.0624","-0.011241","-0.35603","0.033363","-0.013438999999999998","0.0042761000000000006","-0.0033598","-10.98","38.4","-8.64","standing"
"0.57205","-10.106","1.1169","0.015623","-0.36953","0.089156","-0.0061087","0.0015272","-0.007025","-11.04","38.28","-8.58","standing"
"0.54481","-10.12","1.2258","-0.011968","-0.38328","0.19712","-0.0061087","0.0088575","0.0024435","-11.04","38.28","-8.52","standing"
"0.55843","-10.147","0.99429","0.0024598000000000003","-0.41038","-0.033558","-0.0030543","0.0058032","-0.0027489","-11.04","38.28","-8.58","standing"
"0.61292","-10.12","0.99429","0.05637200000000001","-0.38304","-0.032295","-0.0024435","-0.008246700000000001","-0.0042761000000000006","-10.98","38.22","-8.64","standing"
"0.5993","-10.093","1.0215","0.04114","-0.35573","-0.003462300000000001","-0.007025","0.0039706","0.0012217","-11.04","38.28","-8.82","standing"
"0.57205","-10.12","1.0215","0.014082","-0.38277","-0.0017397000000000005","-0.0045815","0.0058032","0.0012217","-10.92","38.34","-8.64","standing"
"0.57205","-10.161","1.0351","0.014266999999999997","-0.42348","0.013239","-0.0088575","0.0088575","-0.000916","-10.86","38.34","-8.58","standing"
"0.58567","-10.174","1.0215","0.027604000000000004","-0.43697","0.000998","-0.0085521","-0.0045815","0.0045815","-10.86","38.28","-8.58","standing"
"0.5993","-10.106","1.0488","0.041626","-0.36871","0.029527","-0.0073304","-0.0073304","-0.0012217","-10.86","38.34","-8.64","standing"
"0.61292","-10.093","0.99429","0.054267","-0.35494000000000003","-0.022962","-0.0042761000000000006","0.000916","-0.006719499999999999","-11.1","38.34","-8.76","standing"
"0.61292","-10.093","0.99429","0.053225","-0.3549","-0.021968","-0.007025","0.000611","-0.000305","-11.1","38.22","-8.64","standing"
"0.57205","-10.12","1.0351","0.011268","-0.382","0.020837","-0.0039706","-0.0061087","-0.0039706","-11.22","38.28","-8.76","standing"
"0.54481","-10.12","1.0896","-0.015561000000000004","-0.38198","0.07527","-0.0039706","-0.0061087","-0.000611","-11.1","38.4","-8.76","standing"
"0.58567","-10.093","1.0624","0.024885","-0.35472","0.048442","-0.0015272","0.0088575","0.000305","-11.1","38.52","-8.82","standing"
"0.58567","-10.134","0.99429","0.02426","-0.39548","-0.018357","0.0033598","0.008246700000000001","-0.0045815","-10.86","38.52","-8.76","standing"
"0.5993","-10.147","1.0215","0.036802","-0.40913","0.009167","-0.0054978","-0.0054978","-0.0018326","-10.86","38.52","-8.7","standing"
"0.5993","-10.12","1.0215","0.036042000000000005","-0.3818","0.010458","-0.002138","-0.0058032","-0.0033598","-10.8","38.52","-8.7","standing"
"0.57205","-10.106","1.0759999999999998","0.0079249","-0.36821","0.065135","-0.0024435","0.0058032","0.0012217","-10.86","38.46","-8.94","standing"
"0.55843","-10.134","1.0624","-0.0052757","-0.3954","0.051842","-0.000916","0.0058032","0.0024435","-11.04","38.4","-8.94","standing"
"0.57205","-10.12","1.0215","0.0091615","-0.38174","0.010903","0.0015272","-0.0024435","0.000305","-11.04","38.46","-8.88","standing"
"0.62654","-10.147","1.0759999999999998","0.063233","-0.40905","0.06490399999999999","0.0045815","-0.000916","0.0033598","-10.92","38.34","-8.76","standing"
"0.55843","-10.161","1.0351","-0.0047085","-0.42269","0.023797","-0.0015272","0.01069","-0.0051924","-10.86","38.46","-8.76","standing"
"0.62654","-10.174","1.1169","0.062419","-0.43643","0.10489","-0.0033598","0.007635800000000002","-0.0058032","-10.8","38.46","-8.94","standing"
"0.55843","-10.134","1.0488","-0.006552","-0.39559","0.03709","-0.0039706","-0.006719499999999999","-0.0039706","-10.8","38.52","-8.88","standing"
"0.62654","-10.106","0.98067","0.059685","-0.36827","-0.029223","0.0018326","-0.0018326","-0.0045815","-10.8","38.46","-8.82","standing"
"0.61292","-10.12","1.0624","0.045006","-0.38199","0.052138","0.000916","0.014966","-0.0027489","-10.92","38.28","-8.76","standing"
"0.58567","-10.093","1.0488","0.01788","-0.35486","0.037419","0.0061087","0.007941199999999999","0.0036652","-11.1","38.34","-8.88","standing"
"0.61292","-10.106","1.0896","0.045297","-0.36866","0.076446","0.018326","-0.002138","0.000916","-11.1","38.4","-8.82","standing"
"0.61292","-10.12","1.0079","0.045334","-0.38254","-0.007790600000000002","0.0058032","0.017715","0.000916","-11.16","38.34","-8.76","standing"
"0.54481","-10.12","0.99429","-0.023393","-0.3826","-0.021679","-0.0042761000000000006","0.015272","-0.006719499999999999","-11.28","38.22","-8.52","standing"
"0.58567","-10.147","1.0215","0.016986","-0.4099","0.0052465","0.0058032","-0.007635800000000002","-0.000611","-11.16","38.28","-8.58","standing"
"0.58567","-10.079","1.0759999999999998","0.016946","-0.34188","0.059006","0.006414100000000001","-0.0030543","-0.000305","-11.22","38.34","-8.4","standing"
"0.61292","-10.093","1.1305","0.043385","-0.35584","0.11065","0.000611","0.010079","0.0018326","-11.28","38.4","-8.52","standing"
"0.61292","-10.147","0.99429","0.043471","-0.41027","-0.025132","0.000305","0.007025","0.000611","-11.28","38.22","-8.52","standing"
"0.58567","-10.147","1.1169","0.016715","-0.41034","0.096584","0.0036652","0.0015272","0.000611","-11.4","38.22","-8.4","standing"
"0.55843","-10.093","1.1577","-0.010107","-0.35614","0.13452","0.0048869","0.0094684","-0.0018326","-11.46","38.04","-8.34","standing"
"0.55843","-10.12","1.0351","-0.0097833","-0.38342","0.011423","0.0027489","0.014966","0.0015272","-11.46","37.92","-8.4","standing"
"0.58567","-10.12","1.0759999999999998","0.0175","-0.38352","0.051262","0.0051924","0.0027489","0.0015272","-11.4","37.92","-8.4","standing"
"0.5993","-10.093","1.0759999999999998","0.030399","-0.35664","0.048263","0.0088575","-0.000611","-0.0054978","-11.4","37.8","-8.4","standing"
"0.58567","-10.065","1.0624","0.015686000000000002","-0.32963000000000003","0.033076999999999995","0.006414100000000001","0.0073304","-0.006414100000000001","-11.58","37.8","-8.52","standing"
"0.5993","-10.12","1.0215","0.02879","-0.38415","-0.0078579","0.0073304","0.0033598","-0.0015272","-11.58","37.86","-8.52","standing"
"0.5311899999999999","-10.093","1.1577","-0.038523","-0.35723","0.12481","0.0027489","0.0024435","-0.0085521","-11.58","37.98","-8.88","standing"
"0.57205","-10.12","1.0488","0.0012427","-0.38459","0.01531","0.0039706","-0.000305","-0.0018326","-11.58","38.04","-8.88","standing"
"0.5993","-10.093","1.0488","0.027742000000000003","-0.35744000000000004","0.014952000000000003","-0.0015272","0.0015272","0.002138","-11.58","38.04","-8.88","standing"
"0.58567","-10.106","1.1305","0.014145","-0.37114","0.095827","-0.0018326","0.008246700000000001","-0.0027489","-11.58","38.04","-8.94","standing"
"0.5993","-10.12","1.0488","0.027484","-0.38474","0.014458000000000004","-0.0024435","0.000916","-0.0061087","-11.58","38.22","-8.88","standing"
"0.61292","-10.106","1.0759999999999998","0.039968","-0.37116","0.04195","0.006719499999999999","-0.0097738","0.0018326","-11.58","38.22","-8.88","standing"
"0.5993","-10.106","1.1441","0.026028","-0.37146","0.10743","0.0054978","-0.0036652","0.0030543","-11.28","38.34","-8.88","standing"
"0.61292","-10.12","1.0488","0.039906","-0.38508","0.011919","-0.000916","0.0073304","0.000611","-11.4","38.46","-9.0","standing"
"0.55843","-10.12","1.1169","-0.013904","-0.38518","0.078713","0.006414100000000001","0.0027489","-0.000305","-11.4","38.4","-8.94","standing"
"0.61292","-10.106","1.0759999999999998","0.040513","-0.37178","0.035887","0.01069","0.008246700000000001","-0.0036652","-11.46","38.4","-8.76","standing"
"0.61292","-10.106","1.1577","0.040483","-0.37196","0.11595","0.007941199999999999","0.0033598","0.0054978","-11.4","38.46","-8.82","standing"
"0.62654","-10.106","1.0896","0.054636","-0.37213","0.045913","0.012828","0.0036652","0.0042761000000000006","-11.52","38.46","-8.76","standing"
"0.61292","-10.161","1.1713","0.041858","-0.42705","0.12312","0.0088575","0.000305","0.0036652","-11.4","38.46","-8.46","standing"
"0.57205","-10.12","1.1305","0.0010819","-0.38646","0.079721","0.010996","0.0036652","-0.0033598","-11.46","38.46","-8.4","standing"
"0.61292","-10.12","1.0624","0.041507","-0.38654","0.011076","0.0045815","-0.002138","0.0051924","-11.4","38.46","-8.28","standing"
"0.57205","-10.161","1.0624","0.0016612000000000005","-0.4275","0.009621","0.0097738","0.0058032","0.006414100000000001","-11.46","38.34","-8.34","standing"
"0.58567","-10.147","1.1032","0.016398","-0.41402","0.048549","0.009163","0.0033598","0.0030543","-11.4","38.22","-8.28","standing"
