"0.51757","-7.8317","-2.6696","-0.85245","1.6005","-0.3615","2.7703","-3.9978","1.4032","-18.96","9.06","24.6","upstairs"
"-0.040861","-7.0553","-1.4301","-1.3068","2.3974","0.85321","2.7104","-4.0665","1.3332","-17.7","10.02","24.9","upstairs"
"-0.61292","-6.96","-0.61292","-1.7245","2.5357","1.5701","2.1286","-3.3854","0.80665","-16.26","11.34","25.2","upstairs"
"-1.2258","-6.7012","0.16344","-2.1289","2.8538","2.1775","1.7416","-3.299","0.5855100000000001","-14.94","12.54","25.08","upstairs"
"-1.7025","-7.6274","-0.36775","-2.1553","2.0245","1.3073","0.8827","-1.2724","0.38485","-12.36","14.58","25.2","upstairs"
"-1.8387","-8.0224","-1.2803","-2.042","1.6399","0.38391","0.51313","0.50457","0.49755","-10.92","15.72","25.32","upstairs"
"1.6072","-9.4934","-0.57205","1.2897","0.1957","0.90825","0.99632","-0.18479","0.81795","-8.46","17.58","25.02","upstairs"
"2.3155","-9.8203","-1.4982","1.7789","-0.1406","-0.019602","1.9713","-1.394","0.4673100000000001","-7.08","18.48","24.78","upstairs"
"0.76274","-10.706","-3.4732","0.0092047","-1.0925","-1.6867","1.339","-1.0644","-0.11118","-4.92","20.34","24.3","upstairs"
"-2.4108","-10.76","-1.4982","-2.8288","-1.1181","0.24162","0.10843","-0.978","-0.4416600000000001","-4.14","21.06","24.06","upstairs"
"-4.5492","-11.591","-0.19068","-4.0227","-1.9025","1.2331","0.7330399999999999","-1.496","-0.058338","-2.46","22.26","23.64","upstairs"
"-3.5413","-11.291","1.362","-2.7256","-1.584","2.4911","0.8396299999999999","-1.4269999999999998","0.13225","-1.8","22.68","23.34","upstairs"
"-3.051","-11.345999999999998","1.9341","-2.0305","-1.6264","2.7486","0.76755","-1.1967","0.062308","-1.2","23.04","23.1","upstairs"
"0.27241","-14.397","1.0896","1.1125","-4.6323","1.4367","0.66645","-0.19426","-0.1237","-0.6","23.58","22.68","upstairs"
"-0.62654","-16.018","-0.20431","0.14870999999999998","-6.2467","0.11127","0.32254","0.7254","-0.25198000000000004","-0.42","23.82","22.62","upstairs"
"-0.62654","-16.018","-0.20431","0.14870999999999998","-6.2467","0.11127","-0.19914","2.3451","-0.37874","-0.42","23.82","22.62","upstairs"
"2.2201","-15.636","-3.5958","2.6626","-5.8664","-2.8705","-0.25931","2.1884","-0.58643","-0.48","24.42","22.26","upstairs"
"2.8467","-14.642","-2.8058","3.0136","-4.8744","-1.9458","-1.1347","0.80084","-0.80787","-0.9","24.54","22.08","upstairs"
"2.7377","-13.906","-2.1929","2.6739","-4.1446","-1.2583","-1.9364","0.10537","-1.1023","-1.14","24.66","22.08","upstairs"
"2.4108","-13.797","-1.1713","2.1683","-4.0373","-0.24844","-2.6405","0.42822","-1.2788","-1.38","24.78","22.26","upstairs"
"2.2474","-14.07","-0.99429","1.8613","-4.3119","-0.097116","-3.1368","1.2593","-1.4594","-1.98","24.6","22.56","upstairs"
"0.57205","-15.377","-2.6832","0.056271","-5.6272","-1.7677","-3.1847","4.5897","-1.8271","-3.36","23.94","23.22","upstairs"
"-0.6946399999999999","-16.031","-4.0589","-1.2021","-6.3167","-2.8168","-3.3295","4.2101","-1.5043","-4.14","23.46","23.64","upstairs"
"-0.58567","-14.942","-1.3212","-0.79573","-5.2058","-0.16235","-2.3555","0.8155100000000001","-1.3567","-6.18","22.2","24.48","upstairs"
"0.095342","-13.62","0.76274","-0.10118","-3.8661","1.7563","-2.2813","0.5384800000000001","-1.0351","-7.08","21.6","24.9","upstairs"
"0.7355","-10.134","2.5061","0.50011","-0.35767","3.2460000000000004","-2.7874","2.1973","-0.70555","-8.34","20.82","25.32","upstairs"
"-2.261","-7.1507","5.8431","-2.2867","2.6559","5.8075","-3.4483","2.2284","-0.91385","-10.68","19.08","26.22","upstairs"
"-2.1793","-6.7966","4.8352","-2.0235","2.9993","4.4023","-4.1386","2.405","-1.1784","-11.88","18.0","26.64","upstairs"
"-0.5311899999999999","-6.7557","-1.471","-0.33874","3.0451","-1.7514","-5.1313","2.302","-1.9041","-13.08","16.68","27.24","upstairs"
"1.7298","-5.598","-3.514","1.6271","4.1923","-2.9561","-3.2767","2.1304","-1.7776","-15.48","14.16","28.08","upstairs"
"0.24517","-3.7047","1.0624","0.12134","6.0918","1.4908","-2.7358","2.5119","-1.4062","-16.56","12.72","28.32","upstairs"
"0.1362","-1.3212","0.9398","-0.27112","8.4341","1.8561","-2.5711","2.4413","-1.3329","-17.88","11.28","28.5","upstairs"
"2.2882","-3.4459","-0.89894","1.6758","6.3351","-0.54247","-2.3341","2.5262","-1.2437","-20.34","8.46","28.62","upstairs"
"3.1463","-3.6775","-1.58","2.1459","6.0626","-1.0313","-2.0113","2.2193","-0.83444","-21.48","7.14","28.5","upstairs"
"3.8954","-4.127","-1.7025","2.4205","5.5382","-1.036","-1.555","1.6139","-0.64752","-22.62","5.88","28.26","upstairs"
"4.3313","-4.2359","-1.5527","1.896","5.1996","-0.45227","-1.0412","1.077","-0.1912","-24.84","3.42","27.54","upstairs"
"4.4811","-3.8001","-1.6481","1.5622","5.4766","-0.38554","-0.24832","0.43158","0.49724","-25.98","2.1","27.12","upstairs"
"4.4811","-3.8001","-1.6481","1.5622","5.4766","-0.38554","0.34789000000000003","-0.060781","1.0611","-25.98","2.1","27.12","upstairs"
"4.4811","-3.8001","-1.6481","1.5622","5.4766","-0.38554","1.1622","-0.50702","1.7639","-25.98","2.1","27.12","upstairs"
"8.7034","-3.6775","-6.8647","4.3815","4.8055","-4.513","2.1625","-1.0449","2.3805","-27.84","0.12","26.4","upstairs"
"16.167","-17.121","-9.2618","12.23","-8.3907","-7.1519","1.9468","-1.4364","1.5605","-28.62","-0.72","25.98","upstairs"
"3.0101","-15.377","-5.5707","-1.4067","-7.107","-2.6962","1.1139","0.6524","0.38423","-29.46","-1.26","25.68","upstairs"
"5.3392","-11.577","-1.9341","1.7006","-3.0156","1.1688","1.4154","-1.7174","1.42","-30.9","-2.04","24.84","upstairs"
"5.8295","-7.2188","-2.6423","1.4965","1.1986","-0.084448","1.7962","-1.1035","1.1215","-32.04","-2.04","24.06","upstairs"
"4.4811","-8.0224","-0.99429","0.058967999999999986","0.41684","1.3284","2.1304","-2.1166","1.2746","-32.76","-1.5","23.34","upstairs"
"3.2553","-9.8475","-2.4925","-0.97695","-1.3302","-0.10217","1.9032","-1.7602","1.2517","-32.82","-0.18","23.16","upstairs"
"3.0373","-13.13","-2.8739","-0.77405","-4.3762","-0.63476","1.781","-2.5989","0.71532","-32.4","1.38","23.52","upstairs"
"-0.21793","-12.122","-0.28603","-3.346","-3.0344","1.6632","1.8085","-1.9652","0.29535","-31.68","3.0","24.0","upstairs"
"-1.6753","-11.591","-0.91256","-4.3386","-2.334","0.92768","2.219","-2.032","0.64355","-31.26","3.9","24.36","upstairs"
"-1.5391","-11.140999999999998","-2.6696","-3.4138","-1.7102","-0.7439","2.2199","-2.6811","1.095","-30.42","5.58","24.96","upstairs"
"-1.4165","-10.025","-2.9011","-2.6865","-0.51788","-0.85656","2.2153","-2.3671","1.1567","-29.34","7.26","25.74","upstairs"
"-0.040861","-9.5751","-3.4732","-0.99258","-0.08191699999999999","-1.2051","2.2089","-2.522","1.222","-27.72","9.12","26.58","upstairs"
"1.0215","-8.826","-3.732","0.06058300000000001","0.6306","-1.3195","2.5614","-4.0687","1.2679","-26.82","9.9","27.24","upstairs"
"1.4438","-7.6819","-3.0646","0.42222","1.7427","-0.55391","2.511","-4.1969","1.3552","-25.74","10.8","27.9","upstairs"
"0.50395","-7.0553","-1.4029","-0.46688","2.3798","1.0884","2.003","-3.6548","1.0052","-23.22","12.84","28.86","upstairs"
"-0.61292","-7.3686","-1.1169","-1.4444","2.0999","1.2969","1.4389","-3.1841","0.58429","-21.9","13.86","29.04","upstairs"
"-1.1577","-7.8998","-0.76274","-1.7968","1.6137","1.5299","0.79504","-2.5024","0.32376","-20.7","14.88","29.4","upstairs"
"-1.7298","-9.6432","0.013619999999999998","-1.8884","-0.02047","1.8973","0.78863","-0.90225","0.39034","-17.82","16.86","30.06","upstairs"
"0.23155","-9.0575","-1.9205","0.06425399999999999","0.56209","-0.021703","1.1148","0.30116","0.4499","-16.5","18.0","30.24","upstairs"
"1.0079","-8.9758","-2.3018","0.75007","0.631","-0.34911","0.88545","0.86101","0.42669","-15.3","19.08","30.24","upstairs"
"1.1169","-9.8339","-2.942","0.97529","0.072601","-0.4105","0.97983","0.77183","0.32437","-14.22","20.1","30.42","upstairs"
"1.1169","-9.8339","-2.942","0.66773","-0.26286","-0.8529899999999999","0.77794","-0.47739","-0.11881","-13.14","21.06","30.48","upstairs"
"-1.5119","-10.474","-2.261","-1.7545","-0.89535","-0.1729","0.55894","-1.7608","-0.26328","-12.06","22.02","30.48","upstairs"
"-2.4789","-11.032","-0.77636","-2.2361","-1.4094","1.0965","0.72815","-2.1243","-0.15088","-10.02","23.64","30.06","upstairs"
"-3.0646","-12.081","0.9398","-2.2944","-2.3954","2.267","1.2052","-2.0342","0.059559","-8.22","25.08","29.82","upstairs"
"-1.5119","-12.299","1.3212","-0.68872","-2.5833","2.3677","1.6112","-1.6503","0.24709","-7.56","25.8","29.52","upstairs"
"0.29965","-15.909","0.6401600000000001","0.8476100000000001","-6.138","1.2776","1.1609","-0.26176","-0.30971","-6.78","26.88","28.92","upstairs"
"-0.040861","-16.29","-0.55843","0.46028","-6.5096","-0.044954","0.82284","1.5989","-0.26695","-6.18","27.72","28.68","upstairs"
"1.7025","-16.985","-2.9692","1.8703","-7.2073","-2.23","0.80634","2.9758","-0.3824","-6.36","28.8","27.78","upstairs"
"3.3097","-15.023","-2.5879","3.0581","-5.2677","-1.6201","-0.33231","3.0232","-0.79077","-6.72","29.76","27.18","upstairs"
"3.5413","-14.465","-2.3155","3.0633","-4.7241","-1.2861","-1.0379","2.0409","-1.0733","-6.9","30.12","26.7","upstairs"
"3.0918","-13.552","-3.1735","2.2741","-3.8561","-1.9545","-1.7514","1.8421","-1.222","-7.62","30.72","25.86","upstairs"
"3.3778","-13.225","-4.522","2.2863","-3.6041","-2.9693","-2.7626","2.7205","-1.5354","-8.7","31.2","25.74","upstairs"
"4.2223","-12.599","-5.0259","2.795","-3.0886","-3.1051","-3.8213","3.5207","-2.1166","-10.32","31.26","25.68","upstairs"
"2.5061","-13.634","-2.3155","0.96597","-4.1541","-0.333","-4.3283","2.1686","-2.3735","-12.36","30.66","25.98","upstairs"
"1.4846","-15.963","-1.9613","0.041726","-6.4355","-0.14107999999999998","-2.5959","-2.1942","-2.0815","-14.52","29.88","26.52","upstairs"
"0.70826","-16.249000000000002","1.2531","-0.6251899999999999","-6.6557","2.789","-2.2284","-3.4419","-1.6722","-15.54","29.4","26.88","upstairs"
"-0.054481","-11.577","1.8932","-1.153","-1.8775","2.8306","-2.8317","2.6994","-0.34178000000000003","-16.98","27.96","28.26","upstairs"
"-0.70826","-8.4038","2.2201","-1.69","1.327","2.9408","-3.2599","2.4651","-0.58399","-17.82","27.0","29.16","upstairs"
"-1.1169","-7.6002","3.3234","-1.9586","2.1609","3.7511","-3.3191","2.007","-0.98777","-18.6","25.92","30.06","upstairs"
"-0.095342","-6.6059","-0.54481","-0.7442300000000001","3.1779","-0.38212","-4.1001","2.2315","-1.4358","-20.34","23.64","32.1","upstairs"
"0.76274","-6.8102","-3.5958","0.08748","2.9621","-3.1295","-4.1362","1.8247","-1.6976","-21.18","22.2","33.12","upstairs"
"1.6889","-6.4697","-3.7865","0.90284","3.2742","-3.0057","-2.9612","1.7898","-1.6194","-22.02","20.64","34.08","upstairs"
"1.0488","-4.699","0.054481","0.073022","5.0261","0.85413","-2.5226","2.1252","-1.6185","-24.0","17.4","35.64","upstairs"
"1.6072","-3.8137","-0.35413","0.50197","5.8973","0.44869","-2.2284","2.1765","-1.5592","-24.9","15.72","36.24","upstairs"
"2.2882","-3.5822","-0.91256","0.97335","6.0969","-0.042476","-1.9462","1.9132","-1.4432","-25.92","14.04","36.78","upstairs"
"3.9908","-3.3642","-1.757","1.8821","6.1384","-0.56371","-1.5556","1.3576","-1.1851","-27.72","10.56","37.26","upstairs"
"4.0452","-3.9499","-1.58","1.547","5.4407","-0.25893","-1.0873","0.85735","-0.84116","-28.68","9.12","37.38","upstairs"
"4.2495","-4.0316","-1.471","1.3571","5.2298","-0.04621","-0.60598","0.54459","-0.38698","-29.82","7.26","37.26","upstairs"
"3.8273","-3.3778","-1.4574","0.24953000000000006","5.606","0.17345","-0.17562","0.21289","0.10049","-32.34","3.78","37.02","upstairs"
"3.8273","-3.0918","-1.58","-0.073209","5.7332","0.1735","0.32956","-0.14447000000000002","0.6188100000000001","-33.42","2.34","36.66","upstairs"
"4.1542","-2.6968","-1.975","-0.10933","5.9203","-0.041808","1.0586","-0.36285","1.2743","-34.38","1.08","36.3","upstairs"
"6.674","-1.6344","-3.5822","1.3067","6.1842","-1.0858","2.6209","-1.0321","2.1603","-35.94","-1.14","35.58","upstairs"
"18.251","-15.405","-14.015","13.251","-7.2662","-11.794","2.6212","-1.4340000000000002","1.8741","-36.72","-1.8","35.22","upstairs"
"10.733","-18.551","-1.0079","5.0604","-11.036","1.734","0.5372600000000001","-0.66798","-0.45998","-37.26","-2.28","34.92","upstairs"
"1.5663","-9.0712","-0.36775","-3.1601","-1.1268","2.9063","1.5818","-1.0763","1.7092","-37.8","-2.64","34.56","upstairs"
"7.6002","-7.3686","-0.068102","2.5822","0.52232","2.8855","2.2019","-1.0684","1.054","-37.74","-2.4","34.44","upstairs"
"5.7478","-8.5808","-2.9965","0.70515","-0.69667","-0.066886","1.6017","-1.8555","0.93982","-37.56","-2.04","34.5","upstairs"
"2.2746","-10.093","-1.9068","-2.3741","-1.9356","0.92566","1.9172","-1.5928","1.1713","-36.78","-0.78","34.92","upstairs"
"3.4187","-11.414","-2.4925","-1.0143","-3.1069","0.24854","1.6151","-2.5812","0.95997","-36.36","-0.12","35.28","upstairs"
"3.5277","-11.509","-2.152","-0.71596","-3.0891","-0.23304","1.5928","-2.303","0.85674","-35.52","0.9","35.7","upstairs"
"1.866","-10.188","-2.3018","-1.9635","-1.5335","0.26797","1.8231","-2.1478","0.90836","-33.72","3.3","36.54","upstairs"
"0.55843","-9.8066","-2.4244","-2.9674","-1.0217","0.13751","1.7489","-2.3741","0.94287","-32.58","4.56","37.08","upstairs"
"0.095342","-10.255999999999998","-2.4108","-3.0977","-1.3398","0.13380999999999998","1.7471","-2.5751","0.8882","-31.44","5.82","37.56","upstairs"
"-1.0624","-10.637","-3.0646","-3.4219","-1.4777","-0.47583","1.8717","-3.1035","1.3937","-28.68","8.52","38.7","upstairs"
"0.35413","-9.4117","-2.547","-1.8173","-0.20606","0.043794","1.8353","-3.6692","1.4676","-27.0","9.84","39.36","upstairs"
"1.8251","-7.6683","-3.3642","-0.26409","1.5047","-0.59612","2.0687","-3.6487","1.2996","-23.4","12.6","40.2","upstairs"
"2.152","-8.036","-2.8058","0.034171","1.1203","-0.0043466","2.3237","-4.1056","1.2428","-21.3","13.98","40.56","upstairs"
"1.1986","-8.1586","-1.9341","-0.8556600000000001","1.0268","0.81885","2.5922","-4.6239","1.3854","-19.2","15.3","40.86","upstairs"
"-0.21793","-7.9679","-1.2667","-2.0794","1.2866","1.3902","2.6414","-4.5977","1.3216","-16.86","16.8","41.16","upstairs"
"-2.3155","-8.4719","-0.12258","-3.3661","1.3108","1.9304","2.6136","-4.4373","1.0708","-14.28","18.3","41.28","upstairs"
"-1.7843","-9.1393","0.65378","-2.6164","0.42287","2.6647","1.5458","-3.2532","0.37599","-8.82","21.0","40.92","upstairs"
"-1.1577","-9.3027","0.8308399999999999","-1.7822","0.33121","2.5537","0.7538100000000001","-2.3845","-0.17013","-6.24","22.26","40.62","upstairs"
"-0.9398","-9.6977","0.35413","-1.3975","-0.018016","1.8591","0.20769","-1.3717","-0.19426","-3.54","23.46","40.14","upstairs"
"-0.84446","-9.9156","-1.5663","-1.0293","-0.20877","-0.1831","0.15699000000000002","0.26084","0.10293","1.5","25.68","39.24","upstairs"
"-0.65378","-9.6704","-2.0158","-0.7498","0.028004","-0.56625","0.68142","1.014","-0.029322000000000008","3.84","26.7","38.76","upstairs"
"-2.1112","-8.9622","-2.1112","-1.8357","0.70067","-0.46079","0.81581","0.3146","-0.0073304","8.1","28.38","37.5","upstairs"
"-2.7922","-8.4446","-1.4982","-2.2465","1.2061","0.15598","0.45723","-1.1863","0.18265","10.02","29.1","36.78","upstairs"
"-2.8194","-8.1722","-1.3076","-2.0224","1.4632","0.33406","0.18998","-1.3088","0.3094","11.76","29.7","36.12","upstairs"
"-1.9341","-8.1177","-0.32689","-0.84664","1.5157","1.1511","-0.34667","-1.2602","0.27","14.76","30.9","34.92","upstairs"
"-0.44947","-9.1256","0.85808","0.57906","0.54813","2.0954","-0.15424000000000002","-1.9682","0.049175","16.08","31.2","34.38","upstairs"
"0.17706","-9.0031","1.2667","1.0857","0.71236","2.2443","0.33964","-3.1847","0.027794","17.4","31.32","33.84","upstairs"
"0.43585","-9.0575","2.6015","1.067","0.72527","2.8641","1.189","-2.6536","-0.11912","19.26","31.56","32.76","upstairs"
"-0.027241","-10.188","2.0022","0.5355300000000001","-0.39754","2.0163","1.8463","-0.6038399999999999","-0.26053000000000004","19.92","31.56","32.22","upstairs"
"-1.3076","-11.087","1.0624","-0.67355","-1.3013","0.96141","1.6249","0.50855","-0.13285999999999998","20.64","31.62","31.8","upstairs"
"-2.8467","-10.637","-0.58567","-1.8759","-0.8792200000000001","-0.65085","1.1496","1.0666","0.34636","21.72","31.8","31.14","upstairs"
"-3.7047","-9.8339","-1.5255","-2.4589","-0.10718","-1.4281","1.273","0.67776","0.40714","22.02","31.86","30.6","upstairs"
"-4.3449","-9.9292","-2.1248","-2.7945","-0.25062","-1.8231","1.0693","-0.56963","0.079718","22.44","31.74","30.12","upstairs"
"-8.4174","-14.315","-4.0452","-5.9362","-4.8669","-3.1808","0.051007","-2.1032","0.071471","23.28","32.1","29.34","upstairs"
"-8.0632","-18.279","-3.4732","-5.3287","-8.915","-2.4644","-0.9615","-2.5006","1.1997","23.88","32.16","28.92","upstairs"
"-1.1032","-17.38","-0.91256","1.3366","-7.928","0.028271","-1.0708","-2.6973","1.7767","24.6","32.28","28.56","upstairs"
"9.793","-10.869000000000002","-2.2474","10.663","-1.1471","-1.3001","0.29963","-1.5021","0.067195","26.1","32.1","27.78","upstairs"
"8.1177","-10.787","-0.57205","8.2473","-1.024","0.34001","-1.5235","1.7853","-1.3311","26.58","32.04","27.42","upstairs"
"5.9249","-10.106","0.6401600000000001","5.5501","-0.33795","1.4208","-2.6942","0.74495","-0.34208","26.94","32.04","27.06","upstairs"
"3.4051","-8.826","1.6889","2.7686","0.943","2.2653","-2.7874","0.67867","-0.6353","27.06","32.1","26.94","upstairs"
"2.2201","-12.612","2.9284","1.3418","-2.8452","2.9349","-2.7694","0.26298","-1.4926","27.24","31.38","27.72","upstairs"
"3.6503","-14.86","4.8625","2.583","-5.1195","4.466","-3.1481","-2.7171","-1.3916","27.36","31.02","28.08","upstairs"
"3.6503","-14.86","4.8625","2.583","-5.1195","4.466","-2.9493","-1.2281","-1.3549","27.36","31.02","28.08","upstairs"
"1.58","-11.564","2.4108","0.48795","-1.8339","1.8542","-2.6444","0.21075","-1.5595","27.36","30.54","28.62","upstairs"
"1.975","-11.809","3.7456","0.8319799999999999","-2.1026","2.937","-2.1942","0.9218","-2.1127","27.42","29.94","29.34","upstairs"
"3.1054","-12.749","4.6718","1.837","-3.0867","3.5728","-2.2828","0.8579600000000001","-2.3173","27.36","29.22","30.12","upstairs"
"3.2008","-12.081","0.29965","1.6413","-2.446","-0.6489","-3.6924","2.076","-2.5021","27.0","27.42","31.98","upstairs"
"1.471","-9.3436","-0.8036","-0.1336","0.30555","-1.5039","-3.4471","2.8375","-2.317","25.86","25.56","34.32","upstairs"
"-1.0079","-7.8726","1.0759999999999998","-2.2989","1.8274","0.43142","-1.0913","0.052534","-1.9251","23.58","23.64","36.72","upstairs"
"-0.74912","-7.2733","2.6015","-1.7279","2.4330000000000003","1.6014","-0.67898","-0.72296","-1.6411","21.3","21.9","39.06","upstairs"
"-1.2939","-6.7693","1.471","-1.8835","2.942","0.24094","-0.61117","0.61453","-1.6057","19.26","19.98","41.16","upstairs"
"-0.5993","-5.7614","0.70826","-1.0897","3.9556","-0.52027","-0.077274","0.58735","-1.3399","18.18","19.32","42.12","upstairs"
"0.72188","-4.6173","-0.28603","0.17799","5.1160000000000005","-1.3525","0.40806","0.0039706","-1.0205","15.96","18.24","43.62","upstairs"
"0.7355","-5.0531","-1.0215","0.093046","4.7035","-1.7741","0.8894200000000001","-0.49999","-0.57849","13.8","17.46","44.94","upstairs"
"1.0759999999999998","-5.2166","-2.2882","0.2578","4.5549","-2.4249","1.3002","-1.1735","0.23366","12.48","17.16","45.42","upstairs"
"1.3484","-5.7205","-3.514","0.29283000000000003","3.9992","-2.7509","1.4361","-1.6796","0.71899","11.7","17.1","45.48","upstairs"
"1.2531","-5.9521","-3.8682","0.11827","3.7097","-2.6302","1.4603","-1.8998","0.96975","11.52","17.28","45.54","upstairs"
"0.36775","-6.8647","-4.8625","-0.69002","2.6339","-2.6649","1.3864","-2.3723","1.766","12.18","17.76","45.42","upstairs"
"0.34051","-8.4174","-6.7285","-0.6205","0.9307","-3.9248","1.0956","-2.8958","2.3127","12.66","17.88","45.12","upstairs"
"2.0431","-10.665","-9.5206","0.9907","-1.5688","-6.0095","0.31032","-3.9129","2.645","13.26","18.3","44.88","upstairs"
"8.2539","-15.732","-8.0769","6.2193","-7.0528","-3.9889","-0.064446","-3.85","2.0757","15.18","18.78","43.86","upstairs"
"7.6955","-15.146","-6.9872","5.2992","-6.5379","-2.946","1.0629","-0.53665","0.41814","16.38","18.9","43.2","upstairs"
"6.1973","-12.095","-4.3721","3.5545","-3.5023","-0.4538","0.51557","2.3405","0.055589","17.46","19.02","42.48","upstairs"
"4.1542","-14.996","4.7944","1.2386","-6.0504","7.5594","1.015","2.3112","-0.45601","19.44","19.44","41.28","upstairs"
"5.5026","-19.028","-0.6674","2.6056","-9.9662","1.7133","2.2068","-2.7819","0.8863700000000001","20.46","19.68","40.62","upstairs"
"5.4481","-17.706","2.3427","2.5315","-8.5323","4.2134","0.10843","-3.6811","1.4413","21.36","19.92","39.9","upstairs"
"5.884","-1.5936","5.38","2.2222","7.4678","6.1879","-0.021991","-4.1203","1.6961","23.58","20.76","38.52","upstairs"
"5.884","-1.5936","5.38","2.2222","7.4678","6.1879","0.096211","-3.0198","0.7247899999999999","23.58","20.76","38.52","upstairs"
"1.4165","-3.5549","2.3699","-2.4732","5.4441","2.6105","0.54428","-2.6927","-0.30299","26.52","20.94","36.72","upstairs"
"-0.44947","-6.96","2.7649","-4.0267","2.1706","2.6937","0.64385","-3.2803","-1.5354","27.66","21.42","35.82","upstairs"
"-7.1098","-16.903","6.3879","-8.6497","-7.2852","5.2477","1.5272","-4.4697","-1.2822","29.88","22.32","33.42","upstairs"
"-8.4174","-17.284000000000002","1.9205","-8.9517","-7.5589","0.7792399999999999","1.9847","-5.1688","1.1231","30.78","22.62","32.22","upstairs"
"-6.4016","-13.362","0.38137","-6.2994","-3.6106","-0.6568","1.4523","-5.459","1.77","31.68","23.16","30.9","upstairs"
"-2.3836","-9.4389","-1.9613","-2.0738","0.33249","-2.7323","0.6218600000000001","-5.8875","1.9847","32.58","23.7","29.52","upstairs"
"-0.44947","-9.902","0.49033","0.22469","-0.14448","-0.22162","0.41722","-5.9669","1.2507","34.56","24.6","25.86","upstairs"
"-1.3076","-10.174","1.7706","-0.49252","-0.4486","0.81417","0.5885699999999999","-5.4712","0.99632","35.58","25.08","23.64","upstairs"
"-1.6889","-10.283","2.1384","-0.7682100000000001","-0.59516","0.9295","0.15944","-4.9352","1.0635","36.78","25.44","21.42","upstairs"
"-1.7434","-10.011","1.3212","-0.66283","-0.36896","-0.10520999999999997","-0.073915","-3.4804","0.79474","39.18","25.8","16.62","upstairs"
"-2.547","-9.7385","-0.57205","-1.3273","-0.092375","-1.8503","-1.1664","-2.0663","0.92699","40.14","26.04","14.4","upstairs"
"-2.8058","-9.4798","-0.61292","-1.4673","0.17278","-1.7117","-1.474","-2.1753","0.92668","40.92","26.1","12.0","upstairs"
"-2.8603","-9.6023","-0.19068","-1.3479","0.050532","-1.0304","-0.65851","-3.9233","0.78466","41.46","26.22","9.66","upstairs"
"-0.99429","-9.6977","1.8387","0.65028","-0.072493","0.93243","0.73548","-5.8524","0.71563","42.36","26.16","4.92","upstairs"
"0.50395","-9.112","-1.4438","2.108","0.48242","-2.6865","2.2009","-4.8268","0.34422","42.6","25.92","2.34","upstairs"
"0.44947","-7.6819","0.6401600000000001","1.952","1.8641","-1.0294","-0.22724","-1.7721","-0.22877","42.72","25.74","-0.12","upstairs"
"-2.9011","-10.365","2.3699","-1.5232","-0.80203","0.69071","-0.20464","-1.0131","-0.39828","42.42","25.32","-4.5","upstairs"
"-1.9886","-10.624","0.25879","-0.61912","-1.0595","-1.4199","0.7034100000000001","-0.96822","-0.10354","42.06","25.08","-6.72","upstairs"
"-1.3757","-10.624","0.23155","-0.048351","-1.07","-1.5382","0.41997","-1.3341","-0.11362","41.64","24.96","-8.4","upstairs"
"-2.4244","-10.12","0.6674","-1.1373","-0.57667","-1.1874","0.41356","-1.5088","-0.071166","40.44","24.78","-11.52","upstairs"
"-2.3836","-10.079","-0.92618","-1.1243","-0.53489","-2.7953","0.32376","-1.1203","-0.18845","39.78","24.66","-12.84","upstairs"
"-2.2882","-11.564","-1.7298","-1.0191","-2.0033","-3.507","0.18692","-0.27092","-0.22816","39.06","24.54","-14.04","upstairs"
"-1.6753","-14.696","-4.2632","-0.44026","-5.0755","-5.7067","-0.12767","-0.6624800000000001","-0.32529","37.38","24.36","-16.26","upstairs"
"-3.2689","-15.718","-3.2008","-2.0434","-6.0656","-4.4262","-0.63438","-1.7052","-0.31001","36.6","24.3","-17.34","upstairs"
"-0.27241","-15.922","-0.38137","0.82129","-6.2361","-1.4557","-1.2138","-2.0937","-0.27458","35.76","24.42","-18.18","upstairs"
"0.70826","-14.547","2.0839","1.5723","-4.8079","1.3204","-1.7321","-1.4062","-0.30329","33.78","24.9","-19.68","upstairs"
"1.4029","-14.029000000000002","0.91256","2.1708","-4.2716","0.30061","-2.2364","1.1942","-0.66401","32.88","25.2","-20.04","upstairs"
"1.4165","-15.255","-0.095342","2.0312","-4.7071","-0.17612","-2.5659","1.6567","-0.86834","31.98","25.68","-20.1","upstairs"
"3.514","-16.222","0.1362","3.6544","-6.4323","0.69801","-3.2926","1.8213","-1.3073","30.72","26.82","-19.8","upstairs"
"4.3858","-16.998","0.027241","4.0523","-7.265","1.1779","-3.667","1.4807","-2.0678","29.82","27.42","-19.2","upstairs"
"4.9714","-17.134","1.5119","4.3034","-7.4475","2.886","-3.6139","0.59865","-2.1554","28.92","28.02","-18.42","upstairs"
"0.96704","-15.405","3.9227","-0.34769","-5.9014","5.9553","-2.682","-0.24709","-1.8561","27.18","29.94","-16.38","upstairs"
"0.14982","-14.86","-0.58567","-1.4353","-5.4851","1.8171","-2.1518","1.0644","-1.3442","26.04","30.9","-15.3","upstairs"
"-0.19068","-13.103","-0.96704","-2.1263","-3.9597","2.0042","-3.2275","1.3039","-1.2831","23.82","33.12","-12.54","upstairs"
"0.42223","-10.896","-1.4165","-1.6339","-1.8575","1.784","-3.5708","1.1539","-1.3998","22.74","34.26","-10.92","upstairs"
"-0.58567","-8.7987","2.1112","-3.1542","-0.24212","6.1556","-3.6353","1.6243","-1.5379","20.16","36.12","-7.32","upstairs"
"-0.46309","-8.1041","2.0703","-3.3194","0.2057","6.4245","-3.653","2.2165","-1.5879","18.84","36.9","-5.34","upstairs"
"-0.8853200000000001","-6.5105","0.55843","-4.1721","1.4131","5.3106","-3.6762","2.4239","-1.5843","17.7","37.8","-3.3","upstairs"
"-0.6401600000000001","-4.7399","-0.068102","-4.133","2.9787","4.8709","-3.3091","1.6093","-1.7535","16.38","38.58","-1.02","upstairs"
"-0.013619999999999998","-1.5391","0.12258","-4.1148","5.5169","5.5598","-2.8274","1.9988","-1.9306","13.32","39.42","3.42","upstairs"
"0.44947","-0.85808","0.19068","-4.1014","5.7576","5.8203","-2.5626","1.9132","-1.7681","11.58","39.66","5.46","upstairs"
"1.5527","-1.8932","-0.98067","1.0767","7.5692","-1.1891","-2.1515","1.8222","-1.39","8.34","39.84","9.3","upstairs"
"1.9613","-2.4517","-1.7298","1.1593","7.322","-1.6852","-1.3873","1.5128","-0.66432","6.66","39.54","11.04","upstairs"
"2.7922","-2.3427","-1.8524","1.6009","7.386","-1.5297","-1.0925","1.2636","-0.40684","5.04","39.3","12.78","upstairs"
"3.6911","-2.438","-1.7706","1.9697","7.1983","-1.1814","-0.44318","0.748","0.10599","3.66","39.06","14.46","upstairs"
"4.5492","-2.261","-1.6753","2.1627","7.213999999999999","-0.8385799999999999","0.80481","0.017715","1.0308","2.28","38.7","16.08","upstairs"
"6.2381","-0.8853200000000001","-3.2144","2.1835","7.9066","-1.6546","1.9346","-0.6453800000000001","1.7104","-0.12","37.98","18.48","upstairs"
"17.094","-9.6432","-15.514","13.367","-0.6604800000000001","-14.252","1.9196","-0.94409","1.5394","-0.9","37.86","19.38","upstairs"
"9.3163","-16.222","-1.4165","4.0836","-8.3915","1.3174","0.93096","0.64904","0.21014","-1.74","37.68","20.04","upstairs"
"5.1485","-10.011","-2.2882","0.8644200000000001","-1.8877","1.1513","1.332","-2.3921","1.8134","-2.88","37.2","20.88","upstairs"
"6.8647","-9.3844","2.8603","2.3066","-1.1431","5.5944","2.0134","-0.80787","1.2984","-3.18","37.02","21.06","upstairs"
"5.4754","-9.3844","-2.0294","1.1252","-1.6747","-0.23304","1.7229","-1.7156","1.3024","-3.24","36.96","21.06","upstairs"
"4.4539","-10.215","-2.5606","-0.070008","-1.8949","-0.015542","1.9444","-1.5556","1.062","-2.82","37.32","20.46","upstairs"
"4.0997","-10.855","-2.7649","-0.28791","-2.4532","-0.25051","1.9514","-2.2947","0.63408","-2.4","37.44","19.8","upstairs"
"2.7241","-11.087","-3.2689","-1.4211","-2.5712","-0.7253","2.0543","-1.9768","0.48106","-1.56","37.98","19.2","upstairs"
"-1.1305","-10.379","-1.1032","-4.4588","-1.4444","1.1925","2.1802","-1.6118","0.26389","-0.06","38.82","17.22","upstairs"
"-1.4982","-11.128","-1.6753","-4.3374","-2.0089","0.5508","2.3143","-2.1197","0.45693","0.78","39.18","16.08","upstairs"
"-1.4165","-12.885","-2.3427","-3.354","-3.5094","-0.2172","2.525","-3.0699","0.81734","2.58","40.02","13.56","upstairs"
"-1.4165","-12.476","-2.0839","-2.9982","-3.0228","-0.010047","2.3259","-2.5971","1.1561","3.36","40.38","12.24","upstairs"
"-0.8308399999999999","-10.815","-2.152","-2.1739","-1.3217","-0.089978","2.3094","-2.2993","1.1829","4.08","40.68","10.98","upstairs"
"1.2939","-8.826","-2.8467","0.084833","0.64875","-0.62452","2.2791","-2.4596","1.0513","5.52","41.22","8.04","upstairs"
"1.1713","-8.3629","-2.0022","-0.047465","1.1098","0.22338","2.1933","-3.1435","1.1451","6.36","41.52","6.66","upstairs"
"1.2258","-7.9951","-1.6208","-0.012651","1.4807","0.58032","2.0629","-3.0216","0.91019","7.02","41.82","5.04","upstairs"
"1.2667","-7.7364","-1.1986","0.0014379000000000002","1.7491","0.94504","1.6206","-2.4074","0.51526","7.62","41.76","3.54","upstairs"
"-1.0624","-8.6081","-0.42223","-2.0154","0.96709","1.4695","1.1466","-1.5229","0.50488","8.52","41.64","0.42","upstairs"
"-1.58","-9.1937","-0.50395","-2.2788","0.42748","1.2608","1.1353","-0.28924","0.79138","8.94","41.58","-1.14","upstairs"
"1.1169","-8.1586","-0.77636","0.42463","1.4936","0.81318","1.3011","-0.19212","0.87415","9.36","41.34","-4.14","upstairs"
"1.4438","-8.1313","-1.3757","0.66","1.5134","0.21657","1.5415","-0.80481","0.62369","9.78","41.04","-5.58","upstairs"
"0.99429","-8.5127","-1.8932","0.17892","1.1209","-0.25041","1.5247","-0.8451299999999999","0.39981","10.14","40.74","-6.96","upstairs"
"-1.1169","-9.8203","-1.7979","-1.7257","-0.17401","-0.13978","1.1545","-0.94134","0.042761","10.44","40.44","-8.28","upstairs"
"-2.7241","-11.55","-0.6674","-2.6742","-1.8542","0.80145","1.3033","-1.2981","0.15608","10.8","39.78","-10.74","upstairs"
"-1.9886","-11.673","-0.61292","-1.7456","-1.9631","0.74233","1.4594","-1.4218","0.21808","10.86","39.36","-11.88","upstairs"
"-1.58","-12.068","-0.34051","-1.2116","-2.3448","0.88508","1.233","-1.2068","0.078191","10.92","38.94","-13.02","upstairs"
"-0.6401600000000001","-13.443","0.28603","-0.2586","-3.6995","1.3267","0.84177","-1.0021","-0.31398000000000004","10.86","38.52","-13.98","upstairs"
"-0.70826","-15.609000000000002","-0.57205","-0.17462","-5.8526","0.26406","0.42486","0.27428","-0.45723","10.5","37.56","-15.96","upstairs"
"1.0351","-16.399","-0.95342","1.4095","-6.6321","-0.15381","0.83841","2.4563","-0.42211","10.5","37.2","-16.92","upstairs"
"2.1384","-15.309","-1.9068","1.8279","-7.065","-0.90203","0.35308","2.5498","-0.45235","10.38","36.66","-17.76","upstairs"
"2.3836","-14.002","-2.8058","2.205","-4.247","-1.8134","-1.4474","2.2132","-1.0724","10.44","36.06","-19.14","upstairs"
"2.2201","-14.438","-4.3585","1.8948","-4.7109","-3.1513","-1.8002","2.4407","-1.3024","10.5","35.64","-19.62","upstairs"
"2.2882","-14.451","-5.8976","1.8308","-4.7716","-4.3923","-3.113","4.1878","-1.9523","10.62","35.46","-19.98","upstairs"
"0.65378","-13.811","-7.5593","0.1138","-4.2734","-5.343","-4.5998","4.7678","-2.3066","10.56","35.58","-19.8","upstairs"
"0.027241","-15.868","-5.8976","-0.44949","-6.3624","-3.533","-4.3338","1.8842","-1.8824","10.62","35.82","-19.38","upstairs"
"-0.96704","-17.516","2.7513","-1.2751","-7.881","4.5533","-2.3088","-3.0174","-1.544","10.56","36.48","-18.12","upstairs"
"0.47671","-16.59","7.1643","0.16905","-6.8533","8.2956","-2.0794","-0.18967","-0.38332","10.44","36.9","-17.28","upstairs"
"1.185","-12.994000000000002","9.3163","0.8226899999999999","-3.202","9.715","-2.2636","1.6454","-0.15821","10.44","37.44","-16.14","upstairs"
"1.1169","-7.4503","0.95342","0.61663","2.3424","0.80001","-3.4557","3.3863","-0.6634","10.32","38.58","-13.32","upstairs"
"0.5993","-8.2267","-1.1986","0.08532200000000001","1.5663","-1.2503","-5.5057","2.6331","-1.7349","10.2","39.0","-11.7","upstairs"
"0.99429","-6.7285","-3.7728","0.4291","3.0586","-3.5184","-5.2776","1.5656","-1.6952","9.9","39.6","-9.66","upstairs"
"-2.0158","-4.6037","-1.1169","-2.2878","5.1805","-0.51183","-2.4566","1.9111","-1.5397","9.06","40.74","-4.98","upstairs"
"-1.866","-3.5958","1.5527","-1.9467","6.2010000000000005","1.9855","-2.5421","2.2471","-1.5708","8.34","41.1","-2.52","upstairs"
"2.0567","-2.4925","0.81722","1.8584","7.3105","0.99359","-2.2926","2.9709","-1.6093","6.48","41.82","2.16","upstairs"
"3.4187","-3.2689","-0.47671","2.8158","6.5166","-0.25018","-1.6848","2.5785","-1.3277","5.4","41.88","4.56","upstairs"
"3.3642","-3.7047","-0.91256","2.3644","6.0452","-0.58163","-1.0647","1.981","-0.8811700000000001","4.32","41.88","6.72","upstairs"
"3.0646","-3.9908","-1.0488","1.7163","5.7123","-0.5979300000000001","-0.34056","1.4306","-0.29413","2.94","41.64","8.88","upstairs"
"3.2144","-2.5061","-0.40861","1.3773","6.1047","0.073601","0.071166","1.1579","0.058948","1.74","41.34","10.98","upstairs"
"3.1463","-1.9886","-0.19068","0.64593","7.4793","0.337","1.3925","0.2642","1.223","-0.18","40.8","14.4","upstairs"
"4.2495","-0.38137","-1.0079","1.1003","8.8807","-0.32444","2.1212","-0.2923","1.996","-1.26","40.5","15.9","upstairs"
"12.626","-10.161","-7.8317","7.5122","-1.9991","-5.9861","1.7904","-0.8045100000000001","1.9994","-2.58","40.02","18.12","upstairs"
"4.5083","-17.393","-10.719","0.088049","-9.0735","-7.9962","0.95814","-0.35949000000000003","0.95906","-3.12","39.9","18.96","upstairs"
"3.1054","-19.327","-4.127","-0.71382","-10.675","-1.5339","1.4203","-1.0806","0.79657","-3.6","39.84","19.5","upstairs"
"4.0861","-4.8625","-3.4187","0.032105","3.7713","-1.1396","1.4432","-1.6023","0.85521","-3.96","39.66","19.5","upstairs"
"3.5413","-6.4152","-3.5685","-0.53971","2.1548","-1.1044","1.8011","-1.6304","1.025","-3.84","39.78","19.44","upstairs"
"3.337","-8.7306","-2.7377","-0.66876","-0.13446","-0.24168","1.7636","-1.9673","0.81276","-3.48","39.84","19.32","upstairs"
"2.5198","-12.599","-3.5685","-1.0501","-3.8171","-1.0572","1.6969999999999998","-1.9309","0.51618","-2.4","40.2","18.24","upstairs"
"1.8796","-12.422","-2.9284","-1.4264","-3.5291","-0.4461100000000001","1.7446","-1.8158","0.146","-1.74","40.26","17.58","upstairs"
"-0.31327","-11.046","-1.9886","-3.2453","-2.0056","0.42872","1.9157","-1.4013","-0.13714","-0.72","40.62","16.74","upstairs"
"-1.4029","-10.964","-2.7104","-3.5324","-1.6929","-0.32818","2.0678","-1.8775","0.44807","0.9","41.4","14.82","upstairs"
"-1.8251","-10.542","-2.9965","-3.5624","-1.2009999999999998","-0.56863","2.1347","-2.8039","1.2297","1.74","41.82","13.8","upstairs"
"-2.4517","-10.706","-2.9148","-3.7745","-1.3041","-0.45857","2.1099","-2.4606","1.2391","2.7","42.0","12.66","upstairs"
"1.2803","-10.311","-3.4051","0.15170999999999998","-0.91498","-0.83237","2.2465","-2.0269","1.1664","4.08","42.36","10.26","upstairs"
"2.152","-9.3436","-1.5119","0.92403","0.065328","0.9651","2.2608","-2.2171","1.2407","4.8","42.54","9.12","upstairs"
"2.3427","-8.5127","-1.1032","0.99449","0.90722","1.2669","2.3812","-1.452","1.0632","5.58","42.6","7.8","upstairs"
"0.46309","-7.4776","-0.96704","-0.87108","1.9762","1.2726","1.6707","-1.7837","0.8827","6.9","42.72","5.1","upstairs"
"-0.7355","-8.2676","-0.8036","-1.8812","1.2356","1.3291","0.81367","-2.1872","0.84086","7.38","42.6","3.78","upstairs"
"-0.38137","-9.616","-0.27241","-1.2144","-0.017216","1.5553","1.0971","-1.0015","0.89095","8.16","42.3","1.02","upstairs"
"0.24517","-9.1665","-0.72188","-0.53279","0.4557","1.004","1.6457","-0.7419","1.0241","8.52","42.18","-0.3","upstairs"
"1.5527","-8.7715","-1.3484","0.68699","0.8474700000000001","0.35339","1.5293","-0.61331","1.0431","9.0","42.18","-1.68","upstairs"
"2.152","-9.9429","-1.6072","0.96489","-0.34769","0.034115","1.3974","-0.040317","0.23488","9.78","41.52","-4.38","upstairs"
"-0.35413","-10.188","-1.4982","-1.3789","-0.57057","0.12189","1.3069","-0.098655","0.21838","10.14","41.16","-5.58","upstairs"
"-1.3484","-10.365","-1.471","-2.1272","-0.7206899999999999","0.12575999999999998","1.3283","-0.78374","0.18754","10.44","40.74","-6.78","upstairs"
"-2.0703","-11.25","-1.1441","-2.3163","-1.5607","0.34561","1.4077","-1.0759999999999998","0.15638","10.98","39.96","-8.76","upstairs"
"-1.6344","-11.414","-0.7355","-1.6935","-1.7068","0.65762","1.398","-0.88789","0.19823","11.16","39.48","-9.78","upstairs"
"-0.49033","-12.354","-0.85808","-0.49563","-2.6346","0.44964","1.0828","-0.55314","0.027794","11.34","38.94","-10.74","upstairs"
"-1.8387","-13.866","-1.362","-1.7742","-4.1165","-0.30216","0.54092","0.25259000000000004","-0.29291","11.52","38.16","-12.54","upstairs"
"1.2803","-14.873","-1.9341","1.2382","-5.1167","-0.94653","0.46701","1.5711","-0.2926","11.52","37.74","-13.2","upstairs"
"1.9341","-16.480999999999998","-1.8932","1.7881","-6.7212","-0.94335","-0.17715","1.6839","-0.65363","11.64","37.32","-13.92","upstairs"
"2.3427","-15.609000000000002","-1.6481","1.9995","-5.8529","-0.71431","-0.6859999999999999","1.3073","-0.65332","11.82","36.96","-14.46","upstairs"
"3.2553","-14.329","-1.6072","2.5529","-4.6198","-0.4169100000000001","-1.7697","1.0434","-0.91783","12.06","36.54","-15.06","upstairs"
"4.0997","-14.315","-2.7513","3.11","-4.6802","-1.2147","-2.66","2.0727","-1.412","12.06","36.3","-15.12","upstairs"
"4.8488","-13.688","-3.4596","3.4173","-4.1976","-1.4485","-3.6069","3.7678","-2.1035","11.94","36.24","-14.94","upstairs"
"4.1814","-13.634","-3.5685","1.7647","-4.5576","-0.74903","-4.3188","4.6792","-2.5082","11.46","36.24","-14.34","upstairs"
"2.5061","-15.268","-3.3506","-0.18868","-6.3414","-0.31462","-3.3766","1.9951","-2.511","11.1","36.18","-13.56","upstairs"
"-0.96704","-15.445","1.185","-2.3909","-7.5124","0.28085","-2.6157","-2.2242","-1.9624","10.14","36.54","-11.64","upstairs"
"-0.62654","-12.449000000000002","5.8431","-3.6232","-3.9694","9.7529","-2.3769","-1.306","-0.9725","9.72","36.72","-10.44","upstairs"
"0.76274","-8.54","4.5628","-2.3513","-0.20769","8.6915","-2.3039","1.2691","-0.37538","9.18","37.02","-9.18","upstairs"
"-0.40861","-6.9872","3.2553","-3.5812","1.2733","7.4824","-2.8185","0.67653","-0.72082","8.76","37.26","-7.62","upstairs"
"-0.31327","-8.826","-2.547","-3.7255","-1.0234","2.3158","-4.8845","2.0898","-1.1613","7.74","37.5","-4.14","upstairs"
"-0.25879","-6.0747","-3.7728","-4.0126","1.1954","1.6332","-3.8042","2.1667","-1.0489","7.08","37.68","-2.22","upstairs"
"0.50395","-5.5162","-0.78998","-3.5768","1.3672","4.8788","-2.3506","1.8381","-0.8814799999999999","6.3","37.68","-0.12","upstairs"
"0.44947","-2.6696","0.44947","-4.097","3.743","6.3128","-2.4981","2.0889","-0.91385","4.68","37.68","3.72","upstairs"
"0.6401600000000001","-2.9011","0.44947","-4.0902","3.3438","6.3482","-2.1393","2.7019","-0.93065","3.84","37.44","5.7","upstairs"
"1.7025","-3.9635","-0.84446","-3.4225","1.9645","5.4465","-1.9978","2.6243","-0.88423","3.06","37.14","7.62","upstairs"
"3.6775","-4.3449","-1.471","-1.9746","1.1925","4.3222","-1.6506","2.189","-0.71685","1.32","36.3","11.1","upstairs"
"3.8137","-4.3449","-1.2939","-2.0743","1.0219","4.4244","-1.2355","1.6958","-0.30421","0.42","35.88","12.54","upstairs"
"4.0044","-4.127","-1.3757","-1.9691","1.1959","4.2949","-0.49144","0.96089","0.39218","-0.24","35.28","14.04","upstairs"
"4.2768","-3.2689","-1.5391","-1.7878","2.03","4.0567","0.18234","0.45479","0.93737","-0.9","34.8","15.36","upstairs"
"6.0066","-1.7298","-2.2882","-0.012654","3.7554","3.1755","1.1649","0.0051924","1.5443","-2.04","33.66","17.64","upstairs"
"8.6898","-3.7047","-2.8739","2.8189","2.0955","2.4233","1.9413","-0.52687","1.8885","-2.58","33.18","18.42","upstairs"
"10.052","-14.901","-4.7399","4.4973","-8.5401","0.24627","0.53298","-0.57055","0.90622","-3.3","32.46","19.56","upstairs"
"0.14982","-15.091","-8.3765","-5.0508","-8.4263","-3.4065","1.4829","-0.95845","1.3873","-3.36","32.16","19.98","upstairs"
"5.0531","-13.28","1.2531","0.000732","-6.3727","6.0422","1.8167","-0.8207","1.4212","-3.42","31.86","20.28","upstairs"
"6.674","-10.351","-2.0294","1.8636","-3.1275","2.5362","1.6842","-1.014","1.0003","-3.3","31.56","20.28","upstairs"
"3.3915","-8.1586","-2.6015","-1.038","-0.54152","1.7033","2.0556","-1.4603","1.0321","-2.76","31.5","19.98","upstairs"
"3.0782","-10.692","-1.9613","-1.0545","-2.7942","2.1273","1.8772","-1.8763","0.8985799999999999","-2.34","31.56","19.56","upstairs"
"3.0646","-12.572","-3.1872","-0.74983","-4.4334","0.7359899999999999","1.7144","-2.2602","0.55528","-1.62","31.74","18.96","upstairs"
"-0.19068","-12.803","-1.7434","-3.5447","-4.3302","1.8801","1.9071","-2.003","0.27458","-0.18","32.1","17.76","upstairs"
"-0.9398","-12.313","-1.866","-4.1288","-3.7165","1.6131","2.1512","-1.8864","0.9001100000000001","0.6","32.52","16.86","upstairs"
"-1.5391","-11.591","-2.7241","-4.2318","-2.6812","0.36405","2.2306","-2.3527","1.3515","1.62","32.76","15.96","upstairs"
"-1.471","-10.924","-2.6696","-3.9196","-1.8962","0.27711","2.0711","-2.3534","1.3955","2.64","33.0","14.94","upstairs"
"-0.50395","-10.27","-2.8603","-2.5446","-1.0594","-0.18138","2.3399","-2.7706","1.3922","3.66","33.3","14.04","upstairs"
"2.0703","-8.9894","-2.547","0.59878","0.45342","-0.34755","2.7684","-3.4163","1.419","5.46","33.72","11.82","upstairs"
"1.1577","-8.3357","-0.8036","0.08433099999999999","1.2528","0.95129","3.022","-3.5891","1.5699","6.42","33.9","10.62","upstairs"
"-0.38137","-8.0496","-0.34051","-1.0552","1.6539","0.90757","2.857","-3.8149","1.3799","7.32","34.02","9.12","upstairs"
"-1.2803","-7.3686","0.068102","-1.4851","2.4183","0.65481","2.0284","-3.7785","1.0107","9.18","34.2","5.94","upstairs"
"-1.866","-6.8102","0.068102","-1.9651","2.9855","0.52194","0.75869","-3.832","0.73273","9.78","34.08","4.2","upstairs"
"-0.92618","-7.7772","0.40861","-0.76368","2.0237","0.7015","0.30879","-2.1105","0.8451299999999999","10.92","33.96","1.38","upstairs"
"-0.6674","-8.2403","-0.42223","-0.35313","1.5608","-0.32749","1.1698","0.78435","0.88056","11.34","33.9","0.06","upstairs"
"0.1362","-7.6683","-0.61292","0.53069","2.1305","-0.62334","1.2938","0.47434","0.8970600000000001","11.94","33.9","-1.2","upstairs"
"2.0294","-9.9973","-2.7104","2.6087","-0.21637","-3.1199","1.9215","-0.13652999999999998","0.43982","12.96","33.3","-3.84","upstairs"
"1.471","-10.869000000000002","-3.4459","2.0726","-1.1046","-4.1276","0.98288","-0.15516","-0.2025","13.32","32.94","-5.16","upstairs"
"-1.2395","-11.140999999999998","-2.6968","-0.67661","-1.382","-3.4759","0.33078","-0.37324","-0.29199","13.5","32.76","-6.3","upstairs"
"-3.1054","-11.387","-1.8796","-2.5355","-1.6317","-2.7084","0.53756","-0.6966899999999999","-0.082772","13.8","32.1","-8.34","upstairs"
"-3.1735","-11.673","-0.72188","-2.5725","-1.9226","-1.586","0.5128199999999999","-1.2217","-0.087354","14.04","31.62","-9.24","upstairs"
"-2.2474","-12.681","0.44947","-1.6517","-2.9396","-0.5141899999999999","0.33537","-1.7397","-0.12828","14.04","31.38","-10.14","upstairs"
"-1.6481","-15.514","1.2803","-1.1164","-5.7789","0.2206","0.19914","-1.2272","-0.28863","13.92","30.96","-10.98","upstairs"
"1.0215","-16.59","0.39499","1.4542","-6.8501","-0.66557","0.15027","0.96578","-0.32162","13.74","30.6","-11.34","upstairs"
"1.6072","-17.215999999999998","-1.4438","1.9778","-7.4687","-2.4546","-0.31979","2.1124","-0.52657","13.8","30.42","-11.58","upstairs"
"1.1169","-16.14","-2.8603","1.4134","-6.3794","-3.7612","-0.94348","2.4606","-0.75717","13.74","30.06","-12.0","upstairs"
"2.8603","-14.261","-3.8001","2.9113","-4.4661","-4.2883","-1.5269","2.5504","-1.1411","13.86","29.58","-12.3","upstairs"
"3.1599","-13.906","-4.018","2.9552","-4.1025","-4.1295","-2.3986","2.5357","-1.58","13.8","29.4","-12.3","upstairs"
"3.0782","-13.43","-3.514","2.5286","-3.6464","-3.1194","-3.2788","2.737","-1.9505","13.68","29.34","-11.58","upstairs"
"0.14982","-14.206","-5.1485","-1.0349","-4.5634","-3.8119","-3.6056","4.0091","-1.9141","13.56","29.46","-10.92","upstairs"
"-0.21793","-16.086","-5.2847","-1.5837","-6.5166","-3.63","-3.6951","3.31","-1.7147","13.44","29.46","-10.14","upstairs"
"-2.3291","-17.257","-3.1872","-3.9867","-7.8452","-0.9868","-2.8008","-1.2602","-1.861","13.26","29.58","-9.3","upstairs"
"-0.12258","-14.41","4.0452","-1.8775","-5.1653","6.8057","-2.5421","-0.33475","-0.58399","12.96","29.82","-7.32","upstairs"
"1.9068","-10.338","4.2359","0.027243","-1.2248","7.3326","-2.8286","3.2788","-0.37996","12.96","29.94","-6.24","upstairs"
"0.58567","-7.7091","4.2632","-1.568","1.2262","7.6826","-3.4593","2.6188","-0.90133","12.78","30.06","-4.92","upstairs"
"-0.081722","-7.7636","0.081722","-2.7075","0.7461800000000001","4.1878","-4.0815","2.2126","-1.2761","12.36","30.12","-2.04","upstairs"
"0.58567","-6.7966","-4.0044","-2.2292","1.5","0.40175","-4.8203","2.1954","-1.4615","12.18","30.18","-0.36","upstairs"
"0.40861","-4.3039999999999985","0.39499","-2.3524","2.3464","1.4541","-3.2526","2.2822","-1.3195","12.0","30.06","1.56","upstairs"
"-0.7355","-2.4108","1.5119","-4.5196","4.8932","6.8507","-2.6631","2.3976","-1.2669","11.04","29.88","5.1","upstairs"
"-0.76274","-2.0567","0.78998","-4.965","4.9002","6.2776","-2.522","2.6948","-1.2599","10.5","29.7","6.9","upstairs"
"1.4165","-2.4244","0.27241","-3.0196","4.3666","5.7837","-2.1719","3.1026","-1.2761","9.84","29.4","8.58","upstairs"
"2.7513","-2.656","-1.1577","-2.3526","3.6828","4.3141","-1.5385","2.4312","-0.90439","8.64","28.8","11.64","upstairs"
"3.1599","-3.1054","-1.4982","-2.265","3.0228","3.9041","-0.94806","1.8357","-0.42333","7.92","28.32","13.02","upstairs"
"4.0725","-3.9363","-1.4438","-1.5528","2.0947","3.8622","-0.35369","1.2165","0.15669","7.2","27.9","14.4","upstairs"
"4.5628","-4.0861","-1.2122","-1.1329","1.9731","3.9854","0.22633000000000006","0.72326","0.8900299999999999","6.42","27.48","15.66","upstairs"
"4.8761","-3.514","-0.19068","-0.6771199999999999","2.8502","4.7922","1.4059","-0.074831","2.0782","5.28","26.88","17.94","upstairs"
"12.19","-7.5048","-7.3277","0.4840100000000001","3.7685","3.7564","1.7132","-0.4951100000000001","2.3601","4.8","26.4","18.72","upstairs"
"16.957","-14.300999999999998","-9.9973","11.997","-7.2627","-5.3045","1.3763","-1.2107","1.836","4.26","25.92","20.1","upstairs"
"5.5162","-16.903","-7.3414","0.34412","-9.069","-4.504","1.3583","-0.8005399999999999","1.0861","3.96","25.44","20.52","upstairs"
"6.1564","-12.544","3.9227","1.7396","-4.0375","5.9954","1.7303","-0.77","1.2288","3.9","25.2","20.7","upstairs"
"4.413","-7.8862","-2.5879","-0.36515","0.40547","-0.44583","1.6994","-1.474","1.0861","4.56","25.08","20.16","upstairs"
"4.0316","-9.7113","-1.5119","-0.6394","-1.3395","0.5532","1.9508","-1.3735","1.1069","4.86","25.08","19.8","upstairs"
"4.8216","-12.735","-1.9886","0.42038","-4.1647","-0.15859","1.9334","-2.0885","0.7922899999999999","6.06","25.26","19.02","upstairs"
"1.9886","-12.858","-2.6423","-1.8964","-4.0563","-0.74102","1.8384","-2.379","0.20769","7.8","25.62","17.88","upstairs"
"-1.1986","-11.809","-1.9886","-4.2556","-2.6804","-0.11861","2.0696","-2.2156","0.025656","9.24","25.74","16.68","upstairs"
"-1.9068","-12.027","-2.4517","-4.4878","-2.7581","-0.55404","2.2449","-2.5833","0.78099","9.9","25.92","16.08","upstairs"
"-2.2201","-12.149","-2.6151","-3.9363","-2.6947","-0.65692","2.4447","-3.054","1.3964","11.1","26.1","14.46","upstairs"
"-2.3018","-11.468","-2.7649","-3.3034","-1.9305","-0.71648","2.4123","-3.0962","1.7046","12.24","26.52","12.78","upstairs"
"-0.35413","-10.093","-2.8603","-0.97446","-0.5463100000000001","-0.70332","2.3781","-2.9664","1.7688","13.5","26.94","11.16","upstairs"
"1.185","-8.2812","-3.0237","0.5098600000000001","1.2112","-0.65514","2.5152","-2.814","1.5464","14.7","27.0","9.24","upstairs"
"0.89894","-6.8102","-1.1305","0.15312","2.6936","1.1701","2.4734","-3.2281","1.6148","15.84","27.12","7.08","upstairs"
"0.8036","-6.4833","-1.2667","0.027927","3.0251","1.0047","2.6921","-2.9108","1.4936","16.44","27.12","5.94","upstairs"
"-0.14982","-6.674","-0.9398","-0.86092","2.8606","1.2413","1.835","-2.6689","0.70463","17.34","26.94","3.72","upstairs"
"-1.5391","-7.5184","-1.4165","-2.0238","2.0367","0.73635","1.2306","-2.5821","0.51313","17.64","26.88","2.46","upstairs"
"-1.6072","-8.6081","-0.92618","-1.8704","0.97846","1.1232","0.7422","-0.18143","0.58704","18.06","26.64","1.44","upstairs"
"0.57205","-8.2131","-0.85808","0.32645","1.4141","0.99346","1.2465","-0.084605","0.83872","18.9","26.4","-0.78","upstairs"
"2.4517","-9.4798","-1.9205","1.9642","0.13651","-0.060358","1.7217","-0.29596","0.72326","19.2","26.16","-1.92","upstairs"
"2.0567","-9.9565","-2.656","1.4031","-0.36468","-0.72187","1.3708","0.10812","0.15455","19.68","26.1","-2.94","upstairs"
"-1.471","-10.311","-2.438","-1.9256","-0.7297","-0.39595","0.6624800000000001","-0.30085","-0.14019","20.28","25.56","-4.98","upstairs"
"-2.0431","-10.706","-2.2882","-2.2347","-1.1164","-0.24369","0.5522199999999999","-0.91355","-0.073304","20.34","25.14","-5.88","upstairs"
"-2.5198","-12.326","-1.3076","-2.4344","-2.2345","0.0047657","0.4722","-0.75503","0.0054978","20.4","24.84","-6.78","upstairs"
"-4.0861","-11.741","-0.17706","-3.3134","-2.1089","1.4968","0.44868","-0.43463","0.20678","20.76","24.54","-8.22","upstairs"
"-2.6832","-11.741","0.8036","-1.7432","-2.0815","2.2126","0.62064","-0.83841","0.28924","20.82","24.24","-8.82","upstairs"
"-0.7355","-12.83","1.1441","0.16080999999999998","-3.1309","2.2791","0.45632","-1.6811","-0.12309","20.7","24.0","-9.42","upstairs"
"0.43585","-17.87","1.2667","1.0432","-8.1013","1.8804","0.15638","-0.03543","-0.4386","20.46","23.4","-10.56","upstairs"
"1.3893","-18.088","-0.21793","1.7988","-8.3047","0.32406","0.0012217","2.1249","-0.54672","20.4","23.04","-10.92","upstairs"
"2.3155","-16.031","-2.3018","2.4958","-6.2478","-1.6513","-0.5507","3.539","-0.68661","20.28","22.92","-11.34","upstairs"
"4.7535","-14.615","-4.8625","4.3145","-4.8768","-3.789","-1.1484","3.7733","-1.1243","20.22","22.62","-11.64","upstairs"
"4.4402","-14.329","-5.2438","3.7264","-4.6396","-3.9082","-2.7086","2.4801","-1.7556","20.4","22.5","-11.58","upstairs"
"4.1542","-13.947","-5.3937","3.2186","-4.3135","-3.7896","-3.1502","2.0745","-1.9746","20.4","22.5","-11.22","upstairs"
"1.2667","-13.389","-4.9033","0.16442","-3.8433","-2.9439","-3.912","1.6652","-2.4826","20.46","22.74","-10.44","upstairs"
"-1.2803","-16.944000000000006","-4.6445","-2.158","-7.3922","-2.6027","-3.4609","1.0058","-1.8079","20.46","22.92","-9.84","upstairs"
"-2.8058","-17.271","-2.3699","-3.3879","-7.6795","-0.40971","-2.2547","-0.41966","-1.6102","20.52","23.16","-9.12","upstairs"
"-0.7355","-13.661","2.6968","-0.99177","-3.9442","3.9944","-1.9942","1.2917","-0.7360899999999999","20.1","23.82","-7.62","upstairs"
"1.0215","-9.4798","4.9169","0.70934","0.28363","5.7824","-2.7535","2.4257","-0.81612","19.86","24.24","-6.66","upstairs"
