"-0.8853200000000001","-8.6217","-0.40861","-0.92212","1.1837","-0.56053","1.3491","-1.3952","0.49388","-9.06","36.06","-10.08","walking"
"-0.29965","-8.54","0.24517","-0.30156","1.2653","0.08138300000000001","1.1393","-2.043","0.36316","-8.76","36.06","-10.86","walking"
"-0.054481","-8.9349","0.29965","-0.029389","0.86971","0.10359000000000003","1.0669","-2.4813","0.21991","-8.4","35.88","-12.54","walking"
"0.23155","-9.7113","0.54481","0.22951","0.09257","0.31167","1.1356","-2.4349","0.078802","-8.22","35.76","-13.2","walking"
"-0.040861","-10.869000000000002","0.8036","-0.038413","-1.0667","0.51381","1.7581","-1.3051","-0.27947","-8.16","35.7","-13.98","walking"
"-2.0294","-13.089","-0.68102","-1.7547","-3.2879","-0.8568","1.6982","-0.39767","-0.30971","-8.1","35.4","-15.54","walking"
"-3.6775","-13.838","-1.7298","-3.0935","-4.049","-1.7192","1.5635","0.20525","-0.21441","-8.04","35.34","-16.2","walking"
"-5.1349","-11.140999999999998","-2.6015","-3.857","-1.4271","-2.1903","0.4416600000000001","0.34239","-0.0051924","-8.1","35.22","-17.64","walking"
"-4.7671","-12.925999999999998","-2.3155","-2.9468","-3.3185","-1.5681","-0.43921","-0.72907","-0.15027","-8.04","34.98","-18.84","walking"
"-3.5277","-14.138","-0.85808","-1.6377","-4.5425","-0.13215","-0.52382","-1.9749","0.22785","-8.22","34.86","-19.26","walking"
"-1.0215","-14.914","-2.1793","0.6729","-5.2874","-1.3905","0.24404","-2.5259","0.22052","-8.76","35.04","-20.16","walking"
"-0.40861","-15.35","-1.6753","0.93221","-5.6775","-0.77325","-1.1561","-0.14936","0.098655","-9.54","35.34","-20.52","walking"
"-0.78998","-12.49","-1.3757","0.42312","-2.8037","-0.43868","-1.7608","1.7825","0.14905","-9.96","35.88","-20.64","walking"
"1.0624","-10.447","0.8036","1.988","-0.7128800000000001","1.5549","-2.3234","1.6521","-0.029932","-10.08","36.48","-20.52","walking"
"-0.40861","-9.2618","2.6423","0.34713","0.51193","2.912","-2.5131","0.75289","-0.34239","-9.78","37.32","-19.8","walking"
"-1.3893","-13.648","2.2065","-0.58391","-3.8753","2.0542","-2.5592","-0.75869","-0.2755","-9.84","38.46","-18.42","walking"
"-0.17706","-18.156","2.1112","0.5167","-8.3827","1.6956","-2.9935","-0.7538100000000001","-0.4587600000000001","-9.84","39.66","-16.8","walking"
"0.85808","-17.924","2.0703","1.3968","-8.1459","1.5591","-3.1029","0.54092","-0.61697","-9.96","40.32","-15.54","walking"
"2.1929","-16.058","1.7843","2.3463","-6.2745","1.135","-2.6808","1.6625","-0.8704799999999999","-9.96","41.22","-13.26","walking"
"2.9011","-14.124","1.6344","2.8365","-4.3427","0.93668","-2.0553","2.6738","-1.1096","-9.84","41.7","-11.82","walking"
"4.2359","-10.828","2.7104","3.6576","-1.0796","1.8153","-1.394","3.7205","-1.3861","-9.66","42.3","-9.12","walking"
"2.1929","-10.719","1.0624","1.5002","-0.97856","0.16219","-1.3775","6.0653","-1.3479","-9.72","42.48","-7.68","walking"
"0.40861","-10.733","1.2667","-0.25738","-0.99225","0.34585","-4.0827","6.2183","-1.1161","-9.84","42.6","-6.24","walking"
"-5.489","-11.427","2.2474","-5.6784","-1.6749","1.2365","-4.5543","4.9706","-0.66279","-10.08","42.78","-4.98","walking"
"-3.0646","-5.0259","1.4301","-2.6172","4.7162","0.40024","-2.6735","1.543","0.12553","-10.86","42.72","-1.98","walking"
"-1.5391","-3.3778","2.7241","-0.96895","6.3335","1.4851","-1.9111","2.3225","-0.59651","-11.28","42.66","-0.6","walking"
"0.12258","-3.3097","3.8682","0.65968","6.3565","2.3043","-1.7501","2.2846","-0.51007","-11.52","42.42","0.84","walking"
"-0.20431","-3.2144","3.051","0.30059","6.3448","0.92079","-1.3375","2.3195","-0.40348","-12.66","41.7","3.42","walking"
"-0.17706","-3.4459","2.5198","0.3249","6.0684","0.19707","-0.79748","2.1228","-0.084299","-12.9","41.34","4.62","walking"
"0.38137","-2.6968","1.5391","0.45334","5.9253","-0.37894","-0.18082","1.7981","0.30268","-13.44","40.98","5.4","walking"
"1.185","-2.8467","0.040861","1.416","6.6404","-2.4316","0.62736","0.6722600000000001","0.97066","-14.34","40.32","6.96","walking"
"4.0725","-3.3915","-2.4244","3.6904","6.1995","-4.4338","0.89644","0.065973","1.1924","-14.82","39.9","7.56","walking"
"5.8295","-6.1292","-5.3119","4.6048","3.5454","-6.3477","1.5705","-1.6463","1.306","-15.12","39.72","7.92","walking"
"10.896","-18.088","-13.184","8.7667","-8.5256","-12.738","1.109","-0.79687","0.62644","-15.24","39.36","8.46","walking"
"9.0984","-19.409","-12.967","7.0381","-9.8263","-12.655","-0.39767","1.7672","-0.33598","-15.36","39.3","8.64","walking"
"7.2733","-16.004","-8.9077","4.0710000000000015","-7.2399","-5.8898","-1.168","1.0977","-0.59223","-15.24","39.12","8.94","walking"
"5.1757","-8.4855","-3.7728","1.734","0.10552","-0.52941","-0.6988300000000001","0.090103","-0.47647","-15.36","38.82","8.88","walking"
"4.3858","-10.324000000000002","-3.7592","0.92404","-1.7364","-0.52878","-0.2645","2.5531","-0.019242","-15.36","38.58","8.94","walking"
"3.6639","-13.688","-4.9987","0.33531","-5.0505","-1.7618","-0.31857","1.9548","0.16982","-15.48","38.4","8.88","walking"
"3.7047","-13.116","11.877","0.50549","-4.0938","14.005","-1.6386","-0.20128","-0.34025","-15.54","38.34","8.46","walking"
"4.5356","2.1793","12.0","0.85972","11.204","13.098","-0.18295","0.098655","-0.25687","-15.6","38.34","8.34","walking"
"3.2144","3.7047","6.1428","-0.8905200000000001","12.597","6.6432","0.7522800000000001","-2.3054","-0.10446","-15.6","38.28","8.34","walking"
"2.656","-12.217","-1.7025","-1.3796","-3.3507","-0.57755","0.71135","-3.1621","0.014661000000000004","-15.42","38.28","8.34","walking"
"0.054481","-13.838","7.5457","-3.479","-4.6930000000000005","7.7692","2.3726","-4.2367","-0.26298","-15.42","38.22","8.16","walking"
"-2.6968","-13.389","5.38","-5.1425","-3.9451","4.3769","2.5779","-4.3216","-0.19914","-15.78","37.74","8.34","walking"
"-4.6582","-13.552","3.6639","-6.3781","-3.9755","2.4396","2.875","-3.948","1.1802","-15.78","37.62","8.22","walking"
"-5.7478","-14.478","0.92618","-6.7317","-4.798","0.45363","2.9523","-4.5317","1.5204","-15.84","37.32","8.34","walking"
"-3.3642","-12.749","0.013619999999999998","-3.432","-2.9957","-1.0092","2.7568","-2.5217","0.92913","-15.78","37.2","8.22","walking"
"-2.4244","-12.503","0.17706","-2.2767","-2.7418","-0.74931","2.39","-1.5143","0.86346","-15.42","37.26","7.98","walking"
"-1.8524","-11.278","0.12258","-1.56","-1.5119","-0.72273","2.2889","-2.3695","1.2944","-15.06","37.44","7.5","walking"
"0.54481","-8.2131","-0.61292","0.82211","1.5661","-1.2925","2.2498","-2.6029","1.4899","-14.4","37.56","6.9","walking"
"1.5527","-7.5729","-0.6674","1.6661","2.2165","-1.2367","2.0647","-1.106","1.0256","-13.98","37.62","6.42","walking"
"1.5391","-7.6683","0.38137","1.497","2.1221","-0.18185","1.8091","0.25595","0.67623","-13.5","37.8","6.0","walking"
"1.1986","-7.8181","0.12258","1.0424","1.9729","-0.40866","1.4245","0.69791","0.5797100000000001","-12.84","37.86","5.34","walking"
"-0.054481","-7.8317","-1.1032","-0.19279","1.9667","-1.4819","1.0263","0.27886","0.52015","-12.24","37.86","4.56","walking"
"-1.1441","-8.322000000000001","-0.5993","-1.1053","1.7268","-1.2644","1.0583","-0.8072600000000001","0.57177","-11.7","37.98","3.6","walking"
"-0.89894","-8.431000000000001","0.12258","-0.71043","1.3726","-0.035554","0.93676","-2.5546","0.50274","-10.5","38.1","2.16","walking"
"-0.49033","-8.6353","0.31327","-0.26768000000000003","1.1672","0.13683","0.98655","-3.1331","0.37232","-9.84","38.1","1.26","walking"
"0.14982","-9.3436","0.34051","0.33437","0.45942","0.14590999999999998","1.2657","-2.9422","0.14172","-9.54","38.28","0.66","walking"
"0.92618","-10.76","1.0759999999999998","0.88502","-0.95913","0.74419","1.6695","-2.1044","-0.29535","-8.76","38.28","-0.84","walking"
"-0.12258","-11.509","0.47671","-0.14656","-1.7085","0.13616","1.6393","-1.4221","-0.37874","-8.46","38.1","-1.5","walking"
"-2.656","-12.735","-1.6481","-2.4178","-2.9322","-1.7848","1.5644","0.44318","-0.28283","-8.52","37.98","-2.16","walking"
"-4.0725","-13.171","-2.4653","-3.4802","-3.3828","-2.3515","0.86346","1.4068","-0.13255999999999998","-8.52","37.68","-2.82","walking"
"-7.0009","-11.305","-3.3506","-5.3433","-1.6634","-2.6688","-0.20953","0.35858","-0.27092","-8.4","37.26","-3.96","walking"
"-4.7944","-13.702","-1.8932","-2.9284","-4.1047","-1.1327","-0.55986","-2.5155","0.26298","-8.34","37.02","-4.26","walking"
"-2.6968","-14.179","-1.3212","-0.83609","-4.5817","-0.54367","-0.094073","-2.9749","0.3375","-8.58","36.66","-4.68","walking"
"-0.51757","-14.737","-0.92618","1.0107","-5.0857","-0.099865","-1.2156","0.25931","0.16738","-9.06","36.0","-4.86","walking"
"-0.068102","-13.702","-0.8036","1.2956","-4.0236","-0.0046602","-1.7297","2.1191","0.18265","-9.3","35.7","-4.74","walking"
"0.61292","-11.359000000000002","0.70826","1.8018","-1.648","1.3765","-2.24","1.8634","-0.030849","-9.54","35.4","-4.74","walking"
"0.84446","-10.365","3.1191","1.6843","-0.59558","3.2669","-2.4548","0.71257","-0.2364","-10.14","34.74","-4.32","walking"
"0.19068","-12.286","2.7104","0.92745","-2.5071","2.6172","-2.6344","-0.84696","-0.32895","-10.38","34.2","-4.08","walking"
"1.2395","-17.652","1.7843","0.98139","-5.6337","1.7089","-2.8915","-0.70799","-0.3485","-10.5","33.9","-3.72","walking"
"2.2474","-17.298","2.2746","2.4554","-7.5046","1.8065","-3.135","1.0278","-0.8704799999999999","-11.1","33.24","-2.58","walking"
"2.8603","-15.623","1.7979","2.8346","-5.8311","1.2529","-2.5186","1.978","-0.97464","-11.34","32.94","-1.92","walking"
"2.7377","-14.369000000000002","1.4846","2.516","-4.5834","0.8902399999999999","-1.9664","2.7077","-0.98288","-11.64","32.7","-0.96","walking"
"2.942","-10.283","1.5119","2.3302","-0.5209199999999999","0.8113199999999999","-1.5574","3.3732","-1.2098","-12.24","31.98","0.66","walking"
"2.3155","-10.052","1.4165","1.5751","-0.30218","0.66356","-1.4245","4.7983","-1.5192","-12.54","31.74","1.14","walking"
"-0.57205","-10.46","1.4438","-1.2059","-0.70727","0.64084","-2.8604","6.316","-1.4313","-12.9","31.2","1.62","walking"
"-4.1951","-9.6568","0.8036","-4.0666","0.10754","-0.097016","-4.1136","2.8011","-0.37415","-13.86","30.48","2.58","walking"
"-3.0237","-5.9112","1.7979","-2.6459","3.8364","0.79269","-2.3543","1.9035","-0.099571","-14.22","30.12","3.18","walking"
"-1.4438","-3.514","2.9965","-0.94857","6.2012","1.7556","-1.9242","2.3054","-0.27581","-14.7","29.76","3.66","walking"
"0.10896","-2.6832","3.5277","0.60069","6.9321","1.6637","-1.5434","2.2153","-0.40378","-15.54","29.22","4.26","walking"
"-0.013619999999999998","-2.7513","3.0237","0.46114","6.8092","0.89266","-1.1087","2.1078","-0.27764","-15.9","29.04","4.5","walking"
"-0.35413","-2.9965","2.7377","0.14219","6.507999999999999","0.37375","-0.58307","1.912","0.051924","-16.32","28.8","4.74","walking"
"0.095342","-3.051","1.58","0.59063","6.3857","-1.0418","0.050091","1.5797","0.48136","-16.98","28.44","4.5","walking"
"1.0624","-3.2144","0.10896","1.3857","6.2572","-2.4118","0.55772","0.90225","0.9389","-17.16","28.2","4.44","walking"
"2.7377","-3.7728","-1.8796","2.6367","5.8019","-3.9974","1.2538","-0.8704799999999999","1.5721","-17.22","28.14","4.08","walking"
"9.793","-12.435","-11.114","7.7995","-2.8437","-10.671","1.39","-1.9887","1.3806","-17.28","28.2","3.48","walking"
"12.749","-18.51","-13.552","10.98","-8.8685","-13.265999999999998","1.0666","-1.6148","0.95203","-17.22","28.08","3.36","walking"
"10.842","-19.463","-12.435","9.1058","-9.8147","-12.196","-0.8720100000000001","2.0601","-0.62858","-17.1","28.26","3.18","walking"
"6.9464","-12.898","-7.355","3.4478","-4.3096","-4.1672","-1.2584","0.8845299999999999","-0.60659","-16.74","28.5","2.52","walking"
"4.1133","-5.9793","-3.4459","0.50022","2.5324","-0.18011","-0.70738","0.69516","-0.28344","-16.62","28.62","2.1","walking"
"3.8273","-6.9328","-2.9556","0.14932","1.5459","0.32391","-0.36316","2.0229","0.000611","-16.38","28.86","1.98","walking"
"2.3836","-17.529","-8.2539","-0.76988","-8.9234","-4.7663","-0.20403","1.2614","0.34331","-15.9","29.22","1.56","walking"
"3.6094","-19.082","-3.5413","0.65528","-10.307","-0.3089","-1.2196","-0.8604","0.14569","-15.78","29.34","1.26","walking"
"7.8998","-6.2654","13.579","4.4104","2.6816","15.566","0.10751","-0.20586","-0.21319","-15.42","29.52","1.2","walking"
"1.1169","-1.1441","0.98067","-2.6799","7.8411","1.9909","0.62247","0.1628","-0.32834","-15.12","29.88","1.2","walking"
"2.2746","-7.246","-2.9692","-1.4372","1.7451","-1.7232","0.43433","-3.0","-0.1014","-14.88","30.18","1.26","walking"
"2.0839","-11.182","2.9965","-1.435","-2.066","3.8209","2.0553","-4.2144","-0.06780599999999999","-14.76","30.12","1.26","walking"
"-0.6946399999999999","-12.994000000000002","7.5457","-3.4605","-3.6095","6.8714","2.6854","-3.9938","-0.10354","-14.76","30.18","1.32","walking"
"-5.3528","-14.124","3.5958","-7.3047","-4.5582","2.6732","3.1756","-4.0128","0.8991899999999999","-14.82","30.18","1.38","walking"
"-6.279","-14.873","2.3699","-7.4299","-5.1878","1.3529","3.0326","-4.7797","1.7364","-14.64","30.12","1.56","walking"
"-2.6696","-12.817","0.027241","-2.9213","-3.0498","-0.81809","2.481","-2.3048","0.73457","-14.34","30.3","1.62","walking"
"-2.261","-12.898","0.38137","-2.2941","-3.1233","-0.40266","2.2856","-1.8555","0.5962","-14.22","30.24","1.5","walking"
"-2.2474","-12.122","0.5993","-2.0882","-2.3457","-0.1535","2.3592","-2.4429","1.0293","-14.04","30.36","1.44","walking"
"0.49033","-8.3493","-0.6946399999999999","0.68971","1.4366","-1.3014","2.43","-2.9212","1.4099","-13.62","30.12","1.08","walking"
"1.3348","-7.7636","-0.14982","1.399","2.0274","-0.69968","2.2575","-2.2443","1.1582","-13.26","30.12","0.96","walking"
"1.2531","-7.9543","0.61292","1.1958","1.8359","0.047639","1.7025","-0.15363","0.5653600000000001","-12.96","30.18","0.54","walking"
"0.36775","-7.8317","-0.12258","0.22668","1.9597","-0.65032","1.2138","0.36194","0.4642600000000001","-12.3","30.0","-0.48","walking"
"-0.47671","-7.1915","-0.68102","-0.5594399999999999","2.6057","-1.1015","0.78099","0.16646","0.6056699999999999","-12.0","29.88","-1.14","walking"
"-1.0488","-8.2131","-0.39499","-0.93332","1.5891","-0.6684","1.0815","-0.91019","0.45357","-11.28","29.82","-2.16","walking"
"-0.85808","-8.7715","-0.39499","-0.66335","1.031","-0.60122","1.2853","-2.1536","0.36621","-10.86","29.76","-2.76","walking"
"-0.027241","-9.4661","0.25879","-0.18976","0.758","0.033167","1.3118","-2.408","0.32865","-10.44","29.64","-3.24","walking"
"0.38137","-10.161","-0.013619999999999998","0.51957","-0.35700000000000004","-0.2064","1.4636","-2.5592","0.17257","-9.96","29.4","-4.26","walking"
"0.14982","-10.338","-0.40861","0.25753000000000004","-0.53264","-0.5382399999999999","1.7984","-0.95356","-0.15363","-9.66","29.16","-4.68","walking"
"-0.61292","-11.509","-0.50395","-0.45602","-1.704","-0.56725","1.4633","-0.28741","-0.24557","-9.54","29.04","-5.16","walking"
"-2.7241","-12.898","-3.2961","-2.176","-3.1192","-2.8112","1.0666","0.7095199999999999","-0.27367","-9.12","28.56","-6.06","walking"
"-3.8682","-12.258","-3.1191","-3.0267","-2.5141","-2.4027","0.10446","0.08888099999999999","-0.25107","-9.12","28.26","-6.6","walking"
"-5.0531","-12.149","-2.0022","-3.5402","-2.5069","-1.0515","-0.967","-2.2162","-0.062919","-9.36","27.6","-7.38","walking"
"-3.6094","-13.225","-0.55843","-1.9642","-3.5982","0.32528","-0.6166699999999999","-2.6316","0.27733","-9.36","27.12","-7.56","walking"
"-2.8603","-13.743","0.054481","-1.1709","-4.1137","0.82571","0.10476","-2.0537","0.28375","-9.36","26.82","-7.56","walking"
"0.20431","-14.505999999999998","-1.4438","1.6701","-4.842","-0.64623","-0.39645","-0.6014","0.26389","-9.48","26.46","-7.5","walking"
"-0.19068","-12.326","-0.29965","0.94536","-2.6135","0.43448","-1.9926","2.7758","-0.048869","-9.78","25.68","-7.56","walking"
"-0.70826","-11.182","1.4029","0.38032","-1.4518","1.9527","-2.3078","2.2245","-0.19853","-9.96","25.2","-7.5","walking"
"-1.1305","-9.7385","2.656","-0.037236","0.0029316","2.9366","-2.2385","0.5623","-0.17837","-9.96","25.14","-7.62","walking"
"-1.1169","-13.048","1.9068","-0.07047","-3.2982","1.8012","-2.405","-0.50855","-0.35583000000000004","-10.2","24.66","-7.56","walking"
"0.095342","-17.094","1.4301","0.9889","-7.3298","1.2248","-2.9832","-0.34667","-0.49908","-10.38","24.3","-7.32","walking"
"1.9886","-17.215999999999998","2.5742","2.4216","-7.4308","2.0936","-2.9633","1.0226","-0.86529","-10.5","23.76","-6.66","walking"
"2.656","-15.473","1.8251","2.846","-5.6838","1.2667","-2.638","1.3381","-0.8457399999999999","-10.62","23.58","-6.18","walking"
"3.0237","-14.152","1.4301","2.9748","-4.3636","0.82668","-2.0693","2.0815","-0.89095","-10.74","23.58","-5.64","walking"
"3.8682","-11.741","1.7298","3.5401","-1.963","1.0532","-1.2294","4.0284","-1.4798","-10.74","23.52","-5.22","walking"
"1.3484","-10.828","0.50395","0.7520100000000001","-1.07","-0.26602","-1.0602","6.8948","-1.4468","-10.92","23.7","-4.56","walking"
"-2.4517","-11.754","2.1929","-2.8051","-1.9925","1.3255","-3.8393","7.2879","-1.1829","-10.98","23.7","-4.5","walking"
"-5.4209","-10.978","0.81722","-5.3216","-1.2093","-0.038422000000000005","-4.6001","3.0412","-0.2587","-10.98","23.82","-4.32","walking"
"-2.4789","-2.8603","1.6617","-1.8465","6.877000000000002","0.6842600000000001","-2.6786","1.7749","0.008246700000000001","-10.98","24.48","-4.08","walking"
"-1.3757","-2.1656","3.1463","-0.6279600000000001","7.5319","1.8934","-1.6982","2.3057","-0.7568600000000001","-11.1","24.72","-3.78","walking"
"-0.31327","-2.9011","3.9908","0.43941","6.7422","2.3753","-1.6277","2.3115","-0.6722600000000001","-11.22","24.84","-3.48","walking"
"0.013619999999999998","-3.2144","2.942","0.69733","6.323","0.76464","-0.99938","2.1909","-0.41753","-11.28","25.32","-3.0","walking"
"0.068102","-3.514","2.1112","0.71024","5.9901","-0.21887","-0.4218","1.9086","-0.010385","-11.22","25.68","-3.0","walking"
"0.28603","-3.1872","1.7298","0.86141","6.2919","-0.71716","0.18662","1.2315","0.41814","-11.22","26.1","-3.06","walking"
"0.72188","-2.8603","0.89894","1.1736","6.6196","-1.5704","0.7419","0.31734","0.94073","-11.16","26.28","-3.18","walking"
"4.1406","-5.1076","-3.3506","3.5779","4.5702","-4.8319","1.2871","-0.94287","1.3671","-10.86","26.82","-3.42","walking"
"8.826","-10.569","-8.7306","7.1058","-0.9148","-8.7479","1.4151","-1.9352","1.339","-10.74","27.12","-3.78","walking"
"9.5479","-19.259","-12.599","8.1153","-9.5613","-12.862","0.093157","1.1206","0.15516","-10.32","27.9","-4.2","walking"
"6.7693","-18.02","-10.964","5.3316","-8.3223","-11.217","-1.1408","2.021","-0.4951100000000001","-10.14","28.26","-4.26","walking"
"6.5514","-16.072","-8.9894","3.5274","-7.2806","-5.869","-0.9276","0.42455","-0.57421","-9.96","28.44","-4.44","walking"
"4.7126","-8.1858","-4.2904","1.508","0.45192","-0.93034","-0.6753100000000001","0.94501","-0.44013","-9.84","28.74","-4.62","walking"
"4.0316","-11.741","-5.1076","0.8560399999999999","-3.1089","-1.7051","-0.5681","2.0302","-0.21991","-9.72","29.04","-4.86","walking"
"2.152","-15.023","-7.1371","-0.77049","-6.3478","-3.6204","-0.7217399999999999","1.3842","0.37171","-9.6","29.34","-5.16","walking"
"2.9011","-16.602999999999998","-0.068102","0.11747","-7.7201","3.016","-1.4969","-0.20433","0.4664","-9.48","29.64","-5.4","walking"
"3.7184","1.0624","5.9249","0.20363","10.122","7.2412","0.54795","0.10232","0.24801","-9.3","30.18","-5.52","walking"
"2.1929","-1.3893","1.5391","-1.4761","7.6342","2.6729","0.53298","-2.4981","-0.094073","-9.3","30.3","-5.58","walking"
"2.438","-8.0905","-1.3212","-1.154","0.95952","-0.15267999999999998","0.83841","-3.0898","-0.05284","-9.3","30.66","-5.52","walking"
"0.6946399999999999","-12.694","5.9929999999999986","-2.3145","-3.3606","5.995","2.2132","-3.7565","-0.48136","-9.78","30.96","-5.58","walking"
"-1.4165","-12.395","5.9929999999999986","-3.9413","-2.9362","5.414","2.3082","-3.7354","-0.35552","-10.14","31.08","-5.46","walking"
"-3.8137","-12.19","4.5764","-5.6936","-2.6127","3.6234","3.1799","-4.1856","1.0336","-10.5","31.2","-5.52","walking"
"-5.5299","-15.064","0.31327","-5.9988","-5.313","-0.6177199999999999","3.1982","-4.5195","1.4438","-11.4","31.2","-5.4","walking"
"-3.5958","-13.511","-0.21793","-3.6937","-3.738","-1.0189","2.6906","-2.6505","0.79535","-11.88","31.38","-5.52","walking"
"-2.942","-12.476","0.27241","-2.5498","-2.701","-0.40663","2.1707","-1.0806","0.69852","-12.54","31.56","-5.82","walking"
"-2.4517","-10.147","0.47671","-1.8839","-0.37916","-0.1822","1.886","-1.2275","1.3595","-12.78","31.5","-6.12","walking"
"-0.96704","-7.7636","-0.89894","1.5995","2.6588","-1.4063","1.8772","-1.4746","1.6197","-13.14","31.38","-6.6","walking"
"1.7979","-7.6546","-0.98067","2.0619","2.1412","-1.3579","2.0256","-0.20159","1.1179","-13.5","31.26","-6.9","walking"
"1.0896","-8.1586","-0.34051","1.2267","1.6421","-0.65436","1.5821","0.8216100000000001","0.8005399999999999","-13.62","31.26","-7.44","walking"
"1.2122","-8.0905","-0.42223","1.2181","1.7131","-0.66869","1.4529","0.15302000000000002","0.8433","-13.68","31.26","-7.98","walking"
"-0.32689","-8.036","-0.31327","-0.29331","1.7697","-0.44196","1.3182","-1.3699","0.90194","-13.62","31.14","-9.18","walking"
"-0.54481","-8.322000000000001","-0.12258","-0.45735","1.4837","-0.22708000000000006","1.2517","-2.4282","0.6612600000000001","-13.32","31.14","-9.72","walking"
"0.29965","-8.1995","0.31327","0.3477","1.6062","0.18489","1.1081","-2.6848","0.47342","-13.08","31.08","-10.26","walking"
"1.7025","-9.1256","0.6946399999999999","1.4822","0.67603","0.47288","1.0968","-2.6237","0.24312","-12.6","31.02","-11.04","walking"
"1.9341","-9.9565","0.81722","1.5325","-0.16218","0.53283","1.3082","-2.2431","-0.36957","-12.66","30.96","-11.58","walking"
"1.6481","-10.665","1.2395","1.1204","-0.87971","0.85829","1.4621","-1.9587","-0.53084","-12.42","30.78","-12.0","walking"
"-1.0488","-12.967","0.40861","-1.3937","-3.1754","-0.021424","1.4142","-0.61728","-0.47373","-12.3","30.48","-12.72","walking"
"-3.0646","-13.198","-0.8308399999999999","-3.0717","-3.3959","-1.1262","1.4429","1.6222","-0.17898","-12.24","30.48","-13.02","walking"
"-3.909","-12.612","-1.3348","-3.5493","-2.8133","-1.4695","1.0748","2.5623","0.080023","-12.3","30.42","-13.44","walking"
"-7.1507","-10.338","-4.2223","-5.745","-0.6454300000000001","-3.7206","0.24038","1.4419","-0.3372","-12.24","30.24","-14.34","walking"
"-5.9385","-13.265999999999998","-3.3506","-4.1849","-3.6457","-2.6148","-0.44074","-0.89736","-0.18021","-12.3","30.0","-14.58","walking"
"-2.9556","-15.228","-2.833","-1.0959","-5.6523","-1.8203","-0.42577","-1.9639","0.11393","-12.78","29.88","-15.06","walking"
"-2.0431","-15.418","-1.7706","-0.25723","-5.8302","-0.74532","-1.4068","-0.35827","0.15149","-12.96","29.82","-15.18","walking"
"-1.0624","-13.348","-0.70826","0.61492","-3.7347","0.26258000000000004","-1.8955","1.2483","0.23732","-13.26","29.82","-15.12","walking"
"2.3563","-9.902","2.3291","3.5233","-0.18177","2.8999","-2.4254","1.0876","-0.075136","-13.38","30.06","-15.06","walking"
"2.0294","-9.3163","3.4459","2.9364","0.44543","3.6831","-2.4984","0.52809","-0.22694","-13.38","30.24","-14.94","walking"
"-0.24517","-11.972","3.3642","0.58978","-2.2015","3.2946","-2.6762","-0.40134","-0.16493","-13.2","30.42","-14.58","walking"
"-0.12258","-16.058","3.0237","0.61153","-6.284","2.7186","-3.0296","-0.26817","-0.2474","-13.14","30.78","-14.16","walking"
"1.58","-18.088","2.3155","1.9547","-8.3042","1.758","-3.1771","0.9447","-0.64813","-12.78","31.56","-12.78","walking"
"2.3836","-16.317","1.6753","2.5419","-6.5309","1.064","-2.8937","2.0574","-0.82284","-12.78","31.86","-11.88","walking"
"3.4459","-12.939","1.7025","3.1376","-3.1636","0.98782","-2.4444","2.9651","-1.0672","-12.66","32.34","-9.66","walking"
"3.1872","-10.91","3.1872","2.672","-1.1571","2.2997","-1.2419","4.284","-1.3912","-12.72","32.76","-8.46","walking"
"1.1305","-11.005","-0.9398","0.57398","-1.2427","-1.6838","-1.2031","6.2073","-1.0024","-12.78","33.0","-7.44","walking"
"-0.34051","-11.795","1.6072","-0.82089","-2.0328","0.81001","-3.9108","5.9324","-0.94623","-12.84","33.18","-6.24","walking"
"-4.3177","-10.746","3.1191","-4.4274","-0.98833","2.1509","-4.2617","3.5684","-0.099266","-12.84","33.54","-5.16","walking"
"-2.9011","-4.2087","1.3757","-2.4357","5.5268","0.29201","-3.0216","1.9939","0.15363","-12.78","33.9","-3.0","walking"
"-1.3484","-2.6968","3.1735","-0.77232","7.0001","1.8291","-2.0159","2.2636","-0.66676","-12.84","33.96","-1.92","walking"
"0.19068","-2.8603","3.8001","0.70717","6.7283","1.8096","-1.6875","2.1142","-0.50274","-13.14","33.78","0.12","walking"
"-0.50395","-3.3506","3.337","0.04525","6.1732","1.0643","-1.3405","2.3158","-0.24343","-13.32","33.54","1.08","walking"
"-0.19068","-3.623","3.0918","0.35278000000000004","5.8386","0.57122","-0.5491699999999999","2.0018","0.12065","-13.62","33.42","1.86","walking"
"0.054481","-3.6911","2.152","0.56228","5.7255","-0.23918000000000006","-0.2474","1.8161","0.29199","-13.8","33.18","2.22","walking"
"1.1305","-2.9556","0.76274","1.3903","6.4323","-2.0603","0.62217","0.76236","0.91508","-14.1","32.7","3.0","walking"
"3.2825","-3.5685","-1.6617","3.0453","5.9241","-4.1119","1.1551","-0.37721","1.3448","-14.28","32.58","3.18","walking"
"4.9714","-4.7126","-3.8273","3.9854","4.8943","-5.5317","1.6023","-1.5659999999999998","1.3781","-14.4","32.52","3.36","walking"
"11.645","-18.333","-14.737","9.6532","-8.7319","-14.883","1.3995","-0.91569","0.75656","-14.34","32.34","3.36","walking"
"9.1256","-19.45","-14.833","7.151","-9.8466","-15.055","-0.18479","1.4939","-0.45662","-14.28","32.34","3.48","walking"
"6.7421","-15.037","-8.0224","4.9083","-9.0231","-10.357","-1.4013","0.38515","-0.75869","-14.22","32.28","3.6","walking"
"4.3449","-5.8023","-3.7184","0.99124","2.7641","-0.32121","-0.98899","0.46242","-0.40775","-14.1","32.22","3.48","walking"
"4.7126","-4.5764","-2.2337","1.1351","3.8985","1.1644","-0.4138600000000001","2.4929","0.07299800000000001","-14.1","32.22","3.36","walking"
"1.6072","-13.062","-4.6718","-0.1165","-0.83315","-0.54175","-0.091019","2.9059","0.21625","-14.16","32.46","3.18","walking"
"2.0839","-13.28","1.1169","-0.99828","-4.4514","4.0715","-0.91172","-0.87598","0.55192","-14.04","32.82","2.7","walking"
"8.4038","-7.9951","10.678","4.7823","0.93977","12.474","0.44746","-1.2746","0.48655","-13.86","32.82","2.4","walking"
"3.6094","-4.5764","0.44947","-0.62233","4.2194","1.3963","0.6521","-0.29138000000000003","-0.07910700000000001","-13.44","32.94","1.98","walking"
"2.0839","-7.7636","-0.21793","-2.0155","1.1003","0.67448","0.62583","-2.4511","-0.19884","-13.38","33.0","1.92","walking"
"0.99429","-10.093","2.9148","-2.8102","-1.0687","3.4285","1.909","-3.4456","-0.26848","-13.26","33.12","1.74","walking"
"-1.3757","-10.311","5.2438","-4.4141","-1.0051","4.6561","2.095","-3.6319","-0.19823","-13.2","33.12","1.44","walking"
"-4.2359","-11.931","4.413","-6.5233","-2.4441","3.4491","2.5375","-3.9902","0.19823","-13.32","33.06","1.56","walking"
"-6.4152","-14.778","2.833","-7.7828","-5.1307","1.725","3.4028","-4.6151","1.1823","-13.38","33.12","1.38","walking"
"-4.2768","-14.22","0.58567","-4.408","-4.4623","-0.38756","3.2202","-3.8341","1.0318","-13.38","32.94","0.72","walking"
"-3.337","-13.866","0.27241","-3.1644","-4.0998","-0.6058600000000001","2.3876","-1.9129","0.64507","-13.44","32.88","0.36","walking"
"-2.152","-12.149","0.99429","-1.8136","-2.3872","0.12475","2.0721","-1.7153","1.3955","-13.32","32.88","-0.12","walking"
"0.5993","-7.4231","-0.068102","0.93207","2.3455","-0.86488","2.1942","-1.7474","1.6188","-12.84","32.64","-1.02","walking"
"1.9886","-7.4503","-0.8036","2.1117","2.3329","-1.4693","2.2245","-0.66035","0.90378","-12.72","32.46","-1.56","walking"
"1.7979","-7.4231","-0.35413","1.7384","2.366","-0.93726","1.8216","0.5363399999999999","0.74128","-12.6","32.46","-2.22","walking"
"0.96704","-7.4912","-1.1577","0.63154","2.3033","-1.5118","1.2168","0.30452","0.8286399999999999","-12.36","32.22","-3.42","walking"
"-0.21793","-8.1313","-0.99429","-0.50255","1.6687","-1.216","1.0589","-0.72601","0.82009","-12.18","32.1","-4.2","walking"
"-0.91256","-8.5808","-0.49033","-1.0766","1.2233","-0.6410399999999999","1.0659999999999998","-2.051","0.64355","-11.94","32.04","-4.92","walking"
"-0.51757","-8.1858","0.054481","-0.5059","1.6201","-0.063174","1.0568","-2.7617","0.5733","-11.46","31.86","-6.3","walking"
"0.16344","-8.5944","0.21793","0.15652","1.2113","0.08797999999999999","1.0828","-2.9068","0.31979","-11.22","31.8","-7.2","walking"
"1.2122","-9.6977","0.51757","1.077","0.10653","0.34625","1.1481","-2.8081","-0.026573000000000003","-10.92","31.68","-7.86","walking"
"0.99429","-10.447","1.0759999999999998","0.63878","-0.65204","0.74956","1.4157","-2.3576","-0.42699","-10.68","31.44","-8.94","walking"
"-0.40861","-11.496","0.6674","-0.68045","-1.6991","0.31208","1.5311","-0.5681","-0.46823","-10.74","31.26","-9.48","walking"
"-3.7456","-12.83","-1.6344","-2.2145","-3.0545","-0.72737","1.4783","0.49847","-0.39095","-10.92","31.08","-9.96","walking"
"-5.9249","-11.427","-2.9011","-5.0672","-1.6606","-2.6949","0.8769","2.3246","-0.10996","-11.28","30.78","-11.16","walking"
"-7.927","-10.093","-4.0861","-6.4197","-0.41911","-3.52","0.40897","1.7291","-0.24374","-11.46","30.54","-11.7","walking"
"-6.3743","-12.49","-3.4732","-4.4786","-2.9023","-2.6633","-0.36133","-2.1008","0.022907","-11.52","30.18","-12.12","walking"
"-1.185","-13.702","-2.942","0.58713","-4.119","-1.8487","0.01741","-2.5922","0.050702","-12.06","29.76","-12.84","walking"
"-1.8932","-14.438","-0.96704","-0.18287","-4.8372","0.07131599999999999","-1.1826","-0.67195","-0.011606","-12.3","29.58","-13.02","walking"
"0.54481","-12.245","-0.61292","1.9906","-2.5872","0.28866","-1.8243","1.3977","0.17929","-12.72","29.28","-13.38","walking"
"0.61292","-11.536","1.2531","1.8725","-1.8373","1.9669","-2.6053","1.5101","-0.098655","-13.2","29.4","-13.44","walking"
"0.39499","-10.215","3.7047","1.5154","-0.47889","4.0485","-2.6774","1.1225","-0.074831","-13.32","29.28","-13.38","walking"
"0.027241","-11.359000000000002","3.8682","1.0376","-1.6049","3.8539","-2.3799","-0.07635800000000001","-0.048564","-13.5","29.22","-13.26","walking"
"0.6674","-17.815","2.3291","1.3537","-8.0398","1.9587","-2.8698","-0.0048869","-0.22571","-13.5","29.4","-12.96","walking"
"1.5119","-18.319000000000006","2.6015","1.9912","-8.5378","2.0895","-3.003","1.197","-0.59529","-13.38","29.7","-12.54","walking"
"2.2201","-17.257","2.3155","2.479","-7.473","1.7018","-2.6829","2.1053","-0.73243","-13.26","29.94","-12.12","walking"
"3.1735","-14.601","1.4301","2.97","-4.8203","0.74766","-2.3243","2.9819","-1.0278","-12.96","30.42","-10.74","walking"
"3.4596","-12.081","1.7979","3.0279","-2.3128","1.0483","-1.8045","3.7101","-1.4102","-13.02","30.84","-9.9","walking"
"2.0294","-11.536","-0.8036","1.2786","-1.7877","-1.558","-1.1545","4.8545","-1.4187","-13.26","31.56","-8.4","walking"
"-0.24517","-11.673","2.547","-0.91049","-1.9279","1.6705","-3.7971","4.7822","-1.0947","-13.08","31.92","-7.68","walking"
"-4.9442","-10.229","2.942","-5.1801","-0.47942","1.9111","-4.1664","4.0479","-0.17471","-12.9","32.16","-6.96","walking"
"-4.2223","-7.7364","1.6072","-4.1087","2.0085","0.5142800000000001","-3.1209","2.0058","0.23549","-12.72","32.4","-6.12","walking"
"-1.9613","-2.3427","3.2689","-1.4344","7.3314","1.7507","-2.0812","2.2391","-0.46242","-12.54","32.76","-4.32","walking"
"0.27241","-2.5742","3.7047","0.75544","7.0466","1.8673","-1.7480000000000002","2.0885","-0.51465","-12.6","32.88","-3.42","walking"
"-0.43585","-2.6015","3.7184","0.07611","6.9491","1.5518","-1.3079","2.2880000000000003","-0.3262","-12.6","33.06","-2.64","walking"
"-0.31327","-3.1327","2.7377","0.26935","6.2825","0.056985","-0.82742","2.0598","-0.090103","-12.72","33.12","-1.5","walking"
"-0.50395","-3.3097","2.5061","0.1131","6.0494","-0.35677","0.10263","1.5586","0.5061","-12.72","33.06","-1.08","walking"
"0.89894","-2.8058","0.38137","0.72023","6.6244","-1.1138","0.38423","1.2517","0.71532","-12.72","33.0","-0.6","walking"
"3.051","-2.9965","-1.2122","2.9848","6.4511","-3.8407","0.8937","0.36957","1.2101","-12.72","33.06","-0.06","walking"
"5.7069","-5.7342","-4.8761","4.748","3.8837","-6.5337","1.507","-1.0614","1.4636","-12.42","33.12","0.18","walking"
"9.1393","-12.449000000000002","-11.019","7.0622","-2.8673","-10.800999999999998","1.3934","-1.4409999999999998","0.78435","-12.24","33.06","0.3","walking"
"9.1937","-19.463","-14.124","7.3195","-9.8378","-14.19","-0.093157","1.5098","-0.43982","-11.82","33.36","0.6","walking"
"7.2324","-17.815","-9.9701","4.099","-9.068","-6.8342","-1.3436","1.4759","-0.66035","-11.7","33.6","0.66","walking"
"6.7148","-11.155","-5.8023","3.3889","-2.521","-2.5524","-0.95631","0.086437","-0.45479","-11.64","33.66","0.54","walking"
"3.3778","-11.482","-3.623","-0.060687","-2.8721","-0.42648","-0.63469","2.5763","-0.15394000000000002","-11.22","33.78","0.18","walking"
"2.7377","-13.852","-5.7342","-0.49086","-5.187","-2.4681","-0.34544","2.2504","-0.020464","-11.04","33.9","-0.12","walking"
"4.0725","1.7706","10.706","0.034106","10.658","11.645","0.59437","-0.20647","0.084605","-10.56","34.32","-0.24","walking"
"4.0725","1.7706","10.706","0.034106","10.658","11.645","0.59437","-0.20647","0.084605","-10.56","34.32","-0.24","walking"
"3.5958","2.8603","7.1371","-0.92167","11.563","7.2721","0.71135","-1.7254","-0.081245","-10.26","34.44","-0.3","walking"
"2.4925","-11.536","-2.1248","-1.7082","-2.7175","-1.2586","0.63347","-3.3002","-0.059254","-10.14","34.86","-0.36","walking"
"0.89894","-13.28","6.0474","-2.832","-4.2111","6.1406","2.0861","-4.1441","-0.43494","-10.08","34.98","-0.48","walking"
"-0.70826","-13.416","6.96","-3.8678","-4.1548","6.3136","2.3133","-4.1264","-0.41417","-10.08","35.04","-0.54","walking"
"-6.5378","-14.206","1.4165","-8.047","-4.5841","0.27127","2.8915","-3.8756","0.66615","-10.32","35.1","-0.78","walking"
"-6.2517","-15.786","0.65378","-6.9615","-6.0608","-0.38927","2.9105","-4.3967","1.8283","-10.32","35.1","-0.9","walking"
"-4.9306","-14.056","0.6674","-5.1031","-4.2992","-0.30296","2.8815","-3.5265","1.4022","-10.26","34.98","-1.2","walking"
"-2.5742","-12.149","0.28603","-2.2381","-2.3827","-0.53215","2.6777","-2.0082","0.7251","-10.5","34.92","-1.5","walking"
"-1.58","-11.032","0.42223","-1.138","-1.2664","-0.35163","2.3891","-2.346","0.98716","-10.68","34.92","-1.68","walking"
"-0.47671","-9.5479","-0.14982","-0.030464","0.22407","-0.84305","2.1576","-2.1719","1.3628","-10.74","34.8","-2.1","walking"
"1.4301","-7.4503","-0.50395","1.5977","2.342","-1.0069","1.9361","-0.75931","1.0424","-10.68","34.62","-3.0","walking"
"1.5119","-7.4776","-0.50395","1.5193","2.3202","-0.92038","1.6075","0.33231","0.7568600000000001","-10.62","34.5","-3.84","walking"
"0.8308399999999999","-7.355","-0.65378","0.61197","2.4449","-0.94501","1.4419","0.4618100000000001","0.61148","-10.5","34.38","-5.28","walking"
"0.095342","-7.4231","-0.8036","-0.11618","2.3796","-0.98726","1.2947","-1.0759999999999998","0.55008","-10.2","34.2","-6.18","walking"
"-1.0351","-7.9951","-0.81722","-1.1179","1.8108","-0.89779","1.2318","-1.5278","0.5192399999999999","-10.08","34.14","-6.9","walking"
"-0.84446","-8.1041","-0.57205","-0.7098899999999999","1.7015","-0.52022","0.92668","-2.2822","0.45998","-9.54","33.72","-8.22","walking"
"-0.25879","-8.6081","0.38137","-0.10881","1.1974","0.38644","0.91538","-2.4239","0.36316","-9.24","33.54","-9.06","walking"
"-0.25879","-8.9349","0.35413","-0.095431","0.8702799999999999","0.31988","1.2853","-2.3573","-0.030543","-9.12","33.36","-9.66","walking"
"0.5993","-10.338","1.0215","0.5831","-0.53403","0.78613","1.7413","-1.6087","-0.33506","-9.18","33.06","-11.04","walking"
"-0.35413","-11.863","0.57205","-0.33158000000000004","-2.0603","0.3069","1.7758","-0.94501","-0.39034","-9.3","32.64","-11.64","walking"
"-3.7047","-13.906","-2.1929","-3.1666","-4.1149","-2.1007","1.7846","0.57727","-0.28069","-9.24","32.28","-12.96","walking"
"-5.8567","-11.605","-3.5822","-4.8325","-1.8604","-3.1652","0.69028","1.3024","-0.047037","-9.36","31.98","-13.74","walking"
"-6.5514","-10.379","-3.6366","-5.0286","-0.71705","-2.9267","-0.51649","-0.24648","-0.29077","-9.42","31.86","-14.4","walking"
"-5.8431","-12.776","-2.5742","-3.9862","-3.1844","-1.722","-0.84819","-1.3241","-0.13867000000000002","-9.72","31.62","-14.88","walking"
"-1.2939","-14.928","-2.0703","0.4777","-5.3224","-1.1946","0.22816","-3.0537","0.24923","-10.26","30.78","-15.66","walking"
"-0.20431","-14.928","-1.1032","1.3653","-5.2858","-0.24529","-1.011","-0.62369","0.14203","-10.56","30.54","-15.96","walking"
"-0.96704","-14.22","-0.51757","0.49772","-4.556","0.28218000000000004","-1.6857","1.8598","0.1631","-10.8","30.36","-16.26","walking"
"1.7979","-10.706","1.2667","2.854","-0.97303","1.8432","-2.2538","2.5036","0.092241","-11.4","30.36","-16.8","walking"
"1.9613","-9.4117","2.9011","2.7712","0.35723","3.1897","-2.5565","1.5107","-0.25687","-11.58","30.6","-16.8","walking"
"0.054481","-10.883","2.8058","0.7843600000000001","-1.1032","2.8304","-2.4212","-0.28405","-0.24221","-11.82","30.72","-16.68","walking"
"-0.8308399999999999","-18.17","2.1793","-0.17338","-8.3902","1.858","-2.9105","-0.71716","-0.39065","-11.88","31.2","-16.14","walking"
"0.85808","-18.769","2.4244","1.3564","-8.9855","1.9671","-2.9917","0.6594300000000001","-0.59559","-11.88","31.44","-15.72","walking"
"2.0567","-16.998","2.0839","2.3419","-7.2112","1.5323","-2.8439","1.2184","-0.80909","-12.06","31.8","-15.18","walking"
"3.4323","-13.866","2.0022","3.2318","-4.0862","1.2983","-2.233","2.4358","-1.2865","-12.24","32.64","-13.5","walking"
"4.413","-11.659","2.833","3.9096","-1.902","1.9859","-1.5534","3.4960000000000004","-1.6469","-12.48","33.0","-12.48","walking"
"4.6445","-10.433","3.2144","3.8389","-0.71253","2.1994","-0.86193","5.3686","-1.3091","-12.54","33.42","-11.58","walking"
"-0.081722","-10.474","2.7377","-0.98494","-0.76741","1.6719","-2.9456","5.6997","-0.94043","-12.6","34.32","-9.84","walking"
"-4.5764","-10.896","3.1191","-5.0452","-1.1767","1.9021","-4.7394","4.857","-0.37049","-12.72","34.86","-9.0","walking"
"-3.6639","-4.3039999999999985","0.24517","-3.3765","5.4375","-0.84624","-2.8601","1.2037","0.064141","-12.9","35.46","-7.02","walking"
"-1.58","-1.9613","2.9284","-1.1492","7.7432","1.5842","-1.9572","1.3744","-0.36652","-12.96","35.7","-6.0","walking"
"-0.61292","-2.833","3.8954","-0.1352","6.8147","2.2030000000000003","-1.4667","2.0354","-0.77336","-13.02","35.88","-5.1","walking"
"-0.61292","-2.7786","3.732","-0.086966","6.8007","1.6991","-1.0904","1.956","-0.63377","-13.08","36.12","-4.32","walking"
"-0.36775","-3.051","3.2553","0.17765999999999998","6.4618","0.93558","-0.58949","1.7819","-0.29566","-13.38","36.18","-3.42","walking"
"-0.35413","-3.4596","2.3836","0.20765","6.0074","-0.11273","-0.000611","1.3399","0.18326","-13.5","36.3","-2.7","walking"
"0.76274","-3.0373","-0.31327","1.1519","6.4559","-2.7419","0.5171","0.73854","0.72601","-13.68","36.54","-1.62","walking"
"2.6151","-3.7456","-2.0839","2.6008","5.8534","-4.0915","0.97464","-0.22999","1.5739","-13.62","36.6","-1.26","walking"
"5.2438","-6.2926","-9.6023","4.4456","3.4314","-6.6543","1.4526","-1.4145","1.6637","-13.62","36.78","-0.9","walking"
"11.673","-18.51","-13.825","10.141","-8.8292","-13.497","0.8836200000000001","-0.80176","0.58277","-13.14","37.14","-0.9","walking"
"10.964","-19.327","-13.634","9.4889","-9.6357","-13.375","0.32193","0.88545","-0.13011","-12.96","37.32","-0.84","walking"
"6.4152","-16.426","-9.7522","3.3122","-7.6833","-6.5733","-1.0611","1.6582","-0.78374","-12.84","37.62","-0.66","walking"
"5.2847","-7.8453","-3.4323","1.852","0.7067","-0.078192","-0.7254","0.5919300000000001","-0.43097","-12.54","37.92","-0.42","walking"
"4.5764","-7.8045","-2.9011","1.0302","0.7121","0.42495","-0.41233","2.3372","-0.14752","-12.54","38.16","-0.48","walking"
"3.0646","-12.667","-4.7126","-0.31749","-4.0858","-1.3816","-0.079412","1.8851","0.11301","-12.42","38.46","-0.48","walking"
"4.8625","-17.775","4.522","1.8458","-8.8132","7.1227","-1.398","-0.5393899999999999","0.17929","-12.3","38.76","-0.6","walking"
"5.6116","-8.5536","13.035","2.3128","0.5786600000000001","14.41","0.45265","0.21441","-0.053451","-12.06","39.0","-0.66","walking"
"3.7592","1.9341","6.9328","0.075686","10.992","7.6831","0.62858","-0.2981","-0.080329","-11.94","39.18","-0.72","walking"
"3.0101","-9.221","-3.2961","0.10971","5.0067","-3.0421","0.5262600000000001","-2.5669","-0.18479","-11.7","39.36","-0.72","walking"
"0.7355","-12.217","5.0123","-2.7027","-3.0597","5.7089","2.0293","-4.0598","-0.30818","-11.4","39.66","-0.66","walking"
"-0.6401600000000001","-12.503","6.5922","-3.6383","-3.1664","6.5851","2.4364","-4.3109","-0.36682","-11.46","39.78","-0.66","walking"
"-1.6889","-13.021","6.1155","-4.1807","-3.5539","5.5382","3.0986","-4.3176","0.13164","-11.7","39.78","-0.48","walking"
"-6.8919","-17.489","1.7706","-7.7727","-7.7697","0.80148","3.7816","-4.372","0.978","-12.12","39.9","-0.42","walking"
"-5.6524","-15.636","-0.76274","-5.9502","-5.8652","-1.5441","2.9939","-4.1808","1.3216","-12.42","39.96","-0.54","walking"
"-4.0725","-13.375","-0.6401600000000001","-4.0028","-3.5898","-1.2822","2.2605","-1.7825","1.2339","-12.6","40.08","-0.72","walking"
"-1.3893","-8.3084","0.70826","-1.0041","1.4751","0.15536","2.1958","-0.8769","1.5128","-12.54","40.26","-1.5","walking"
"0.040861","-7.641","-0.28603","0.39598","2.147","-0.77565","2.2581","-1.4789","1.3155","-12.54","40.2","-1.92","walking"
"1.1032","-7.6955","-0.72188","1.3324","2.1008","-1.1108","1.8879","-0.39859","0.8466600000000001","-12.48","40.14","-2.4","walking"
"1.2531","-7.927","0.10896","1.2006","1.8739","-0.22239","1.5543","0.43005","0.7159300000000001","-12.24","40.08","-3.9","walking"
"1.1577","-7.9543","-0.40861","0.99567","1.8475","-0.6734","1.4105","0.46456","0.78282","-11.94","40.14","-4.62","walking"
"0.28603","-7.8453","-0.46309","0.10825","1.9577","-0.6601","1.3369","-0.23671","0.91569","-11.7","40.02","-5.46","walking"
"-0.44947","-7.8045","0.081722","-0.53522","2.0006","-0.074102","1.3613","-1.7972","0.73212","-11.22","39.9","-7.2","walking"
"0.027241","-7.6274","0.081722","-0.054324","2.1777","-0.069918","1.2755","-2.6799","0.47739","-10.8","39.72","-8.1","walking"
"0.65378","-8.1177","0.12258","0.50931","1.6867","-0.028727","1.3198","-2.1649","0.20617","-10.32","39.66","-9.0","walking"
"1.58","-10.338","0.61292","1.1604","0.19852","0.25389","1.3424","-1.919","0.032376","-10.08","39.72","-9.84","walking"
"1.0759999999999998","-10.515","1.2531","0.5929300000000001","-0.7257600000000001","0.92204","1.5892","-1.2843","-0.44502","-9.66","39.54","-11.52","walking"
"-0.25879","-11.741","0.57205","-0.65699","-1.9484","0.22316","1.543","-0.6744","-0.49144","-9.36","39.36","-12.3","walking"
"-4.0997","-13.035","-1.9477","-3.8793","-3.2305","-1.9434","1.4801","1.022","-0.33292","-9.3","38.7","-13.86","walking"
"-5.1213","-12.136","-2.3836","-4.4472","-2.3549","-2.1565","0.7538100000000001","1.628","-0.03146","-9.24","38.4","-14.64","walking"
"-6.9872","-10.147","-2.8603","-5.7311","-0.43268","-2.3899","-0.13744","0.065973","-0.11942","-9.36","38.1","-15.36","walking"
"-7.1098","-12.354","-3.1191","-5.365","-2.7285","-2.4242","-0.75717","-2.2880000000000003","-0.12187","-9.36","37.92","-15.9","walking"
"-1.7979","-14.996","-1.9341","0.040285","-5.3955","-1.1459","0.27855","-3.0223","0.35888000000000003","-9.9","37.56","-16.62","walking"
"-0.6674","-14.955","-0.81722","0.99736","-5.3205","-0.059914","-0.27275","-1.8008","0.29352","-10.2","37.44","-16.8","walking"
"-1.58","-14.628","-0.28603","0.011873","-4.9763","0.40343","-1.5284","0.94134","0.21777","-10.5","37.44","-16.98","walking"
"2.2882","-10.338","0.77636","3.4053","-0.60777","1.2746","-2.1918","2.168","0.080329","-11.1","37.62","-17.04","walking"
"3.3642","-8.3765","1.6344","4.1208","1.3955","1.9606","-2.4905","1.3696","-0.54672","-11.4","37.68","-16.98","walking"
"-0.1362","-10.678","3.0646","0.5623","-0.8966700000000001","3.0996","-2.5947","0.28039000000000003","-0.47525","-11.58","37.62","-16.74","walking"
"-1.2531","-18.142","2.833","-0.5393","-8.3713","2.3994","-2.773","-0.62064","-0.28191","-11.52","37.74","-15.6","walking"
"0.095342","-19.123","2.2474","0.69708","-9.3496","1.7085","-3.0244","1.0308","-0.60842","-11.64","37.86","-14.82","walking"
"1.1577","-17.311","2.0839","1.5978","-7.5344","1.4626","-2.919","1.6747","-0.69944","-11.64","38.1","-13.86","walking"
"2.9011","-14.655","1.58","2.8966","-4.8744","0.8730600000000001","-2.2718","2.8854","-1.2071","-11.82","38.76","-11.64","walking"
"3.4459","-12.286","1.8115","3.1948","-2.5126","1.039","-1.6347","3.4383","-1.555","-12.06","39.12","-10.32","walking"
"3.8682","-11.332","3.1463","3.3576","-1.5834","2.2121","-0.80695","4.8787","-1.5608","-12.3","39.3","-9.18","walking"
"0.40861","-11.509","1.6753","-0.20971","-1.7743","0.6651699999999999","-2.6710000000000003","5.6759","-0.92913","-12.66","39.48","-7.26","walking"
"-3.6094","-11.782","3.1872","-3.8986","-2.0479","2.0288","-4.3567","4.97","-0.6915","-12.84","39.6","-6.36","walking"
"-2.9284","-4.4947","1.6753","-2.6027","5.2205","0.37979","-3.0849","1.7507","0.25137","-13.02","39.54","-4.14","walking"
"-1.7025","-1.9341","2.6015","-1.2298","7.7452","1.0985","-1.8845","2.2483","-0.4218","-13.26","39.3","-3.0","walking"
"-0.068102","-1.8251","3.4051","0.40013","7.8032","1.6033","-1.5962","1.9697","-0.45784","-13.38","39.12","-1.98","walking"
"0.29965","-2.0975","3.4459","0.72234","7.4693","1.3322","-1.2113","2.1478","-0.33323","-13.5","39.0","-1.02","walking"
"-0.77636","-2.5742","2.9284","-0.19694","6.8486","0.27437","-0.7006600000000001","1.9954","-0.12797999999999998","-13.98","38.58","0.6","walking"
"-0.28603","-3.0373","2.5198","0.30254000000000003","6.3272","-0.3313","-0.34819","1.8918","0.10293","-14.16","38.4","1.26","walking"
"0.23155","-2.833","1.9886","0.76184","6.4910000000000005","-1.0033","0.64355","1.1151","0.77794","-14.4","38.28","1.68","walking"
"2.8058","-3.9227","-1.4438","2.7493","5.5444","-4.0015","1.1548","0.036957","1.212","-14.7","37.68","2.34","walking"
"5.6661","-6.7421","-5.6388","4.7435","2.9111","-7.0998","1.5101","-1.3179","1.3448","-14.58","37.56","2.34","walking"
"12.871","-18.537","-15.35","10.862","-8.9456","-14.987","1.2324","-1.6151","0.90683","-14.22","37.68","2.7","walking"
"9.7658","-19.477","-14.138","7.7531","-9.8843","-13.826","-0.18967","0.93737","-0.36652","-13.98","37.74","2.88","walking"
"7.4367","-17.543","-10.065","4.1851","-8.8765","-6.8268","-1.584","1.5989","-0.90194","-13.74","37.68","3.0","walking"
"5.7069","-10.597","-6.1428","2.3456","-2.0291","-2.756","-1.2113","0.41997","-0.55589","-13.62","37.56","3.06","walking"
"3.732","-6.0747","-1.8115","0.13559000000000002","2.4221","1.5114","-0.31796","2.3854","0.065363","-13.44","37.56","2.88","walking"
"2.7241","-11.959","-5.5026","-0.68005","-3.419","-2.0885","-0.16921","2.2013","0.29627","-13.56","37.62","2.76","walking"
"5.5843","-16.699","3.9635","2.4819","-7.8093","6.7071","-1.3207","-0.69028","0.48258","-13.14","37.86","2.1","walking"
"8.3493","-7.1234","12.503","4.71","1.8576","14.009","-0.24312","-0.84177","0.38087","-12.96","37.98","1.98","walking"
"5.2575","-0.6946399999999999","6.3879","1.1915","8.1861","7.2662","0.8362700000000001","0.10232","-0.1014","-12.72","38.1","1.8","walking"
"2.5742","-7.463999999999999","-1.3212","-1.5158","1.4103","-0.4906","0.74587","-3.0409","-0.16035","-12.36","38.22","1.44","walking"
"1.5391","-11.345999999999998","2.9556","-2.2497","-2.3111","3.3928","1.3164","-3.2535","-0.14812999999999998","-12.18","38.34","1.44","walking"
"0.5311899999999999","-12.081","6.6467","-2.8713","-2.888","6.3695","2.1814","-4.0769","-0.32406","-12.06","38.34","1.62","walking"
"-5.2847","-13.184","5.1485","-7.2241","-3.6636","3.8209","3.1481","-4.3093","0.55192","-12.12","38.28","1.5","walking"
"-7.1234","-16.276","1.3757","-8.1356","-6.6046","0.10906","3.1985","-5.2745","1.9367","-12.12","38.34","1.32","walking"
"-5.2711","-14.41","0.54481","-5.6857","-4.6807","-0.6098399999999999","3.0168","-3.9386","1.54","-12.12","38.34","1.14","walking"
"-2.9011","-12.449000000000002","0.081722","-3.0147","-2.6977","-0.95267","2.4022","-1.6991","0.6353","-12.06","38.46","0.84","walking"
"-1.9341","-11.087","0.6401600000000001","-1.6701","-1.3286","-0.29501","2.2303","-1.8509","0.8005399999999999","-11.64","38.64","-0.12","walking"
"-0.70826","-9.4934","0.43585","-0.40426","0.26774000000000003","-0.45769","2.281","-1.8341","1.357","-11.28","38.58","-0.54","walking"
"1.362","-7.8453","0.054481","1.52","1.9245","-0.7793899999999999","2.2226","-1.1164","1.2009999999999998","-11.1","38.52","-1.14","walking"
"1.5391","-7.4503","-0.21793","1.3733","2.3305","-0.90967","1.6738","0.47983","0.6411","-10.68","38.28","-2.82","walking"
"1.4846","-7.7636","-0.1362","1.1849","2.0186","-0.7602399999999999","1.3430000000000002","0.050396","0.66584","-10.56","38.22","-3.66","walking"
"0.76274","-7.5865","-0.55843","0.40913","2.2","-1.0771","1.3231","-0.95692","0.70494","-10.2","38.1","-4.62","walking"
"-1.185","-8.0905","-0.58567","-1.3291","1.7105","-0.8876700000000001","1.1979","-1.9975","0.73487","-9.54","38.04","-6.6","walking"
"-1.1305","-7.9134","-0.095342","-1.1416","1.8896","-0.3612","0.89492","-2.5672","0.7141","-9.36","38.04","-7.74","walking"
"-0.39499","-8.8396","0.14982","-0.29356","0.96348","-0.094337","0.93157","-2.7642","0.40836","-8.52","37.74","-9.54","walking"
"0.47671","-10.542","0.44947","0.51569","-0.7391300000000001","0.18539","1.2947","-2.2013","-0.058643","-8.4","37.5","-10.5","walking"
"0.50395","-11.114","0.54481","0.48569","-1.3119","0.25512","1.6163","-1.2364","-0.29871","-8.34","37.32","-11.28","walking"
"-0.70826","-11.345999999999998","0.095342","-0.65191","-1.5428","-0.16982","1.6163","-0.8365799999999999","-0.3094","-8.34","37.2","-12.12","walking"
"-3.1191","-13.144","-2.3972","-2.6044","-3.3511","-2.292","1.6722","0.80237","-0.21838","-8.34","36.96","-13.74","walking"
"-3.7456","-12.64","-4.018","-2.9442","-2.8771","-3.5499","1.1894","1.4945","-0.030849","-8.46","36.6","-14.58","walking"
"-5.4073","-10.255999999999998","-2.8194","-3.9098","-0.61331","-1.8478","-0.29138000000000003","0.034819","-0.30391","-8.64","36.18","-15.9","walking"
"-5.38","-11.959","-2.0703","-3.575","-2.3762","-1.027","-1.1081","-2.1521","-0.21197","-8.88","35.94","-16.38","walking"
"-4.3994","-14.288","-0.7355","-2.4499","-4.7259","0.2344","-0.6328600000000001","-3.2012","0.24312","-9.06","35.7","-16.8","walking"
"-0.8036","-15.091","-0.8308399999999999","0.92803","-5.4788","0.046756","-0.66432","-0.94165","0.36957","-9.84","35.4","-17.34","walking"
"0.57205","-13.634","-0.85808","2.0678","-3.9794","-0.007732899999999998","-1.7342","2.3711","0.25748000000000004","-10.26","35.28","-17.52","walking"
"0.7355","-12.013","-0.14982","2.0273","-2.3233","0.63036","-2.0675","3.0617","0.14936","-10.32","35.22","-17.82","walking"
"0.57205","-8.2676","2.9284","1.5433","1.4872","3.1973","-2.3381","1.4166","-0.19945","-10.8","35.4","-18.06","walking"
